seller_uuid,seller_name,profile_photo_url,seller_profile_url,seller_rating,total_reviews,contact_methods,email_address,phone_number,physical_address,verification_status,seller_status,enforcement_status,map_compliance_status,associated_listings,date_added,last_updated,blacklisted,counterfeiter,priority_seller,seller_note,seller_id,admin_priority_seller,known_counterfeiter,seller_admin_stage,seller_investigation,seller_stage,seller_state
0340c9fb-bb41-4f5b-8dad-9dec16e2aec8,Esquared Outlets,,https://www.amazon.com/s?ie=UTF8&marketplaceID=ATVPDKIKX0DER&me=A2LD697S8ZZ8Z2,4.90,151,[],,,"10 Chiswick Dr, Jackson, NJ, 08527, US",Unverified,New,None,Compliant,0,2025-07-18 19:35:35.275,2025-07-18 19:35:35.176,false,false,false,,A2LD697S8ZZ8Z2,false,false,NA,NotStarted,NA,
03aee330-4c8d-4934-b9d9-db73f955d52b,Mammoth Mart,,https://www.amazon.com/s?ie=UTF8&marketplaceID=ATVPDKIKX0DER&me=A20FLYA0IW2L9O,2.30,36,[],,,"26442 Santa Rosa Ave, LAGUNA HILLS, CA, 92653, US",Unverified,New,None,Compliant,0,2025-08-04 13:44:27.194,2025-08-04 13:44:27.105,false,false,false,,A20FLYA0IW2L9O,false,false,NA,NotStarted,NA,Active
041beaf7-e82f-4b00-b842-6a3bb7111f63,FeminineTouch,,https://www.amazon.com/s?ie=UTF8&marketplaceID=ATVPDKIKX0DER&me=A7AMRWK16BGMH,4.70,52,"[""732-684-8484""]",,732-684-8484,"1454 Heathwood Ave, Lakewood, NJ, 08701, US",Unverified,New,None,Compliant,0,2025-08-04 13:27:46.488,2025-08-04 13:27:46.394,false,false,false,,A7AMRWK16BGMH,false,false,NA,NotStarted,NA,Active
04c98e55-e4ac-4919-ab30-8c3f4c28d671,FAFA NY CORP,,https://www.amazon.com/s?ie=UTF8&marketplaceID=ATVPDKIKX0DER&me=A1QV2PZFML7YZH,5.00,7,[],,,"1998 Commerce st, #201, Yorktown Heights, NY, 10598, US",Unverified,New,None,Compliant,0,2025-07-18 19:35:13.546,2025-07-18 19:35:13.448,false,false,false,,A1QV2PZFML7YZH,false,false,NA,NotStarted,NA,
0604a7cf-d387-4087-b5fe-f1f385217420,Wireless Cloud,https://m.media-amazon.com/images/I/11RqM9HA3jL.jpg,https://www.amazon.com/s?ie=UTF8&marketplaceID=ATVPDKIKX0DER&me=A1HLJSRGXFK737,4.60,154,[],,,"PO Box 115, Harriman, NY, 10926, US",Unverified,New,None,Compliant,0,2025-07-18 19:34:44.244,2025-07-18 19:34:44.15,false,false,false,,A1HLJSRGXFK737,false,false,NA,NotStarted,NA,
061d5654-8380-407d-9dd1-4baac4bbbdd7,Midwest Estore,,https://www.amazon.com/s?ie=UTF8&marketplaceID=ATVPDKIKX0DER&me=AM01HGKD40IY8,4.70,147,"[""1-866-216-1072""]",,1-866-216-1072,"4289 S. HILLCREST AVE., SPRINGFIELD, MO, 65810, US",Unverified,New,None,Compliant,0,2025-07-18 19:35:05.998,2025-07-18 19:35:05.9,false,false,false,,AM01HGKD40IY8,false,false,NA,NotStarted,NA,
0895b4c8-c800-4db7-b8a3-588719c9c7ba,Sysmel,,https://www.amazon.com/s?ie=UTF8&marketplaceID=ATVPDKIKX0DER&me=A2YYD0BY5061FQ,3.70,20,[],,,"1603 200th Street,, BAYSIDE, NY, 11360, US",Unverified,New,None,Compliant,0,2025-07-18 19:34:57.949,2025-07-18 19:34:57.862,false,false,false,,A2YYD0BY5061FQ,false,false,NA,NotStarted,NA,
0905fdad-3409-4c2b-9b9f-2b31dca629de,Click N Order (Serial Number Recorded),https://m.media-amazon.com/images/I/11YaFYafSTL.jpg,https://www.amazon.com/s?ie=UTF8&marketplaceID=ATVPDKIKX0DER&me=A23GJYGSSUMDAX,4.00,8,[],,,"7151 O'Kelly Chapel Road, STE 237, CARY, NC, 27519, US",Unverified,New,None,Compliant,0,2025-07-16 19:47:47.835,2025-07-16 19:47:47.732,false,false,false,,A23GJYGSSUMDAX,false,false,NA,NotStarted,NA,
0984ce16-d3a7-4245-9382-068baf38afd8,Fix N Plug,,,,,"[""530-789-1700""]",,530-789-1700,"1120 HALL CT, MARYSVILLE, CA, 95901-3507, US",Unverified,New,None,Compliant,0,2025-07-18 19:35:27.47,2025-07-18 19:35:27.375,false,false,false,,A2NBVGK6C0HCUA,false,false,NA,NotStarted,NA,
098aaa39-a8c9-47d5-9492-20e1ddcb9bfc,Jon’s Bargains,,https://www.amazon.com/s?ie=UTF8&marketplaceID=ATVPDKIKX0DER&me=AM23M8JZZKF0F,4.80,46,[],,,"3510 Rock Rose Ln, LA GRANGE, KY, 40031, US",Unverified,New,None,Compliant,0,2025-07-16 19:49:48.867,2025-07-16 19:49:48.776,false,false,false,,AM23M8JZZKF0F,false,false,NA,NotStarted,NA,
09fa41cc-0f83-42fa-85b7-b7c9a7a1b667,Mac N' Cheese,,https://www.amazon.com/s?ie=UTF8&marketplaceID=ATVPDKIKX0DER&me=A2HKJDSYFUXLQL,4.90,1002,[],,,"20355 ne 34th ct, unit 427, Aventura, FL, 33180, US",Unverified,New,None,Compliant,0,2025-07-16 19:49:59.3,2025-07-16 19:49:59.201,false,false,false,,A2HKJDSYFUXLQL,false,false,NA,NotStarted,NA,
0af712c1-05ba-476d-87da-29d0f707ca15,True Mart LLC,,https://www.amazon.com/s?ie=UTF8&marketplaceID=ATVPDKIKX0DER&me=A38NQ511PUC45R,3.30,29,[],,,"6108 Morningside Dr, NORTH RICHLAND HILLS, Texas, 76180, US",Unverified,New,None,Compliant,0,2025-07-16 19:47:14.712,2025-07-16 19:47:14.609,false,false,false,,A38NQ511PUC45R,false,false,NA,NotStarted,NA,
0cc4f6cf-34de-40d9-805b-87498ccb2828,HCo Global,,https://www.amazon.com/s?ie=UTF8&marketplaceID=ATVPDKIKX0DER&me=A3QD5QEEJY3GT5,4.90,23,[],,,"4920 Atlanta Hwy, PMB 427, ALPHARETTA, GA, 30004, US",Unverified,New,None,Compliant,0,2025-07-18 19:35:39.06,2025-07-18 19:35:38.967,false,false,false,,A3QD5QEEJY3GT5,false,false,NA,NotStarted,NA,
0d6e3d97-5c89-4986-a4d7-c65228570844,Ace W's Warehouse,https://m.media-amazon.com/images/I/11uuVGJYN9L.jpg,https://www.amazon.com/s?ie=UTF8&marketplaceID=ATVPDKIKX0DER&me=A1PSW7RH0YQ7FC,4.90,55,[],,,"11250 Old St Augustine RD, STE 15-198, Jacksonville, FL, 32257, US",Unverified,New,None,Compliant,0,2025-07-18 19:35:49.239,2025-07-18 19:35:49.147,false,false,false,,A1PSW7RH0YQ7FC,false,false,NA,NotStarted,NA,
0d7cf8ec-b055-44ae-bf95-5ffa5ffd72f7,Blue Magic Supply Co.,,https://www.amazon.com/s?ie=UTF8&marketplaceID=ATVPDKIKX0DER&me=A3VJ6TJ1OPXDJS,4.60,26,[],,,"358 Mingo Way, LOUDON, TN, 37774, US",Unverified,New,None,Compliant,0,2025-07-16 19:47:44.894,2025-07-16 19:47:44.792,false,false,false,,A3VJ6TJ1OPXDJS,false,false,NA,NotStarted,NA,
0f115cd1-cc75-48bc-b9b3-aba44f3597b3,BIO FUTURE,,https://www.amazon.com/s?ie=UTF8&marketplaceID=ATVPDKIKX0DER&me=A1MEECSTVKFCM,4.90,10,[],,,"8521 Essington st, NEW PORT RICHEY, FL, 34654, US",Unverified,New,None,Compliant,0,2025-07-16 19:42:39.008,2025-07-16 19:42:38.903,false,false,false,,A1MEECSTVKFCM,false,false,NA,NotStarted,NA,
0fff6378-4eb5-44c9-9e3a-214c232fbc28,TXDiscounts,,,,,[],,,"27134 Quartz Way, San Antonio, TX, 78260, US",Unverified,New,None,Compliant,0,2025-07-18 19:35:19.299,2025-07-18 19:35:19.2,false,false,false,,A1DCMGO9GPAAEC,false,false,NA,NotStarted,NA,
10e98474-38e7-4a38-a897-f101f0f72506,MINHA-NY,,https://www.amazon.com/s?ie=UTF8&marketplaceID=ATVPDKIKX0DER&me=A3LBHTWPJ8YKGC,4.80,16,[],,,"3346 Nutly Circle, Yorktown Heights, New York, 10598, US",Unverified,New,None,Compliant,0,2025-07-18 19:34:58.491,2025-07-18 19:34:58.069,false,false,false,,A3LBHTWPJ8YKGC,false,false,NA,NotStarted,NA,
1176b9cd-807b-4544-bd0b-b4df155a9b16,amazon,,,,,[],,,,Unverified,New,None,Compliant,0,2025-07-16 19:45:40.551,2025-07-16 19:45:40.45,false,false,false,,amazon,false,false,NA,NotStarted,NA,
13ccc4b5-4775-4ea4-8672-ac026f0431cb,DO MARKETPLACE LLC,,https://www.amazon.com/s?ie=UTF8&marketplaceID=ATVPDKIKX0DER&me=ADZQ1QUSQ2SG3,4.40,43,"[""704-777-5415""]",,704-777-5415,"104 Oakwood Dr, Matthews, NC, 28104, US",Unverified,New,None,Compliant,0,2025-08-04 13:29:06.4,2025-08-04 13:29:06.305,false,false,false,,ADZQ1QUSQ2SG3,false,false,NA,NotStarted,NA,Active
14ba0cb9-1cef-4e7a-98d4-5a3d78a4f87b,The Fragrance Atelier,,https://www.amazon.com/s?ie=UTF8&marketplaceID=ATVPDKIKX0DER&me=AF4ABBZRTFTW4,5.00,5,[],,,"102 NE 2ND ST # 102, BOCA RATON, FL, 33432-3908, US",Unverified,New,None,Compliant,0,2025-08-04 13:27:24.962,2025-08-04 13:27:24.857,false,false,false,,AF4ABBZRTFTW4,false,false,NA,NotStarted,NA,Active
15c94961-aea2-4c95-9cd8-69c9e49974b3,E-GEEK,,,5.00,1,[],,,"14424 Cohasset Street, Van Nuys, CA, 91405, US",Unverified,New,None,Compliant,0,2025-07-18 19:35:27.347,2025-07-18 19:35:27.252,false,false,false,,A3U214I0MGNOHI,false,false,NA,NotStarted,NA,
17ffb949-7f5e-492d-92e1-d6cd630828f9,recommerce,https://m.media-amazon.com/images/I/019-OuIjpBL.jpg,https://www.amazon.com/s?ie=UTF8&marketplaceID=ATVPDKIKX0DER&me=A32GOXAC8X4KTS,4.90,9233,[],,,"546 Hillsboro Technology Dr, DEERFIELD BEACH, FL, 33441, US",Unverified,New,None,Compliant,0,2025-07-16 19:41:21.215,2025-07-16 19:41:21.122,false,false,false,,A32GOXAC8X4KTS,false,false,NA,NotStarted,NA,
19a8ac65-3781-40cd-ad36-14b6af9fd0d5,Limolin LLC,https://m.media-amazon.com/images/I/115qrEWSYrL.jpg,https://www.amazon.com/s?ie=UTF8&marketplaceID=ATVPDKIKX0DER&me=A24JJ3ISG1I3Q2,4.20,132,"[""855-441-3520""]",,855-441-3520,"4490 DELANCEY DR, STE 7, Las Vegas, NV, 89103-3754, US",Unverified,New,None,Compliant,0,2025-07-16 19:47:52.574,2025-07-16 19:47:52.482,false,false,false,,A24JJ3ISG1I3Q2,false,false,NA,NotStarted,NA,
1a44ee78-94e0-4bfc-813e-a690ff4ed24f,Jazzer Shack,https://m.media-amazon.com/images/I/01yR2lykFgL.jpg,https://www.amazon.com/s?ie=UTF8&marketplaceID=ATVPDKIKX0DER&me=A130SREFN8OBYC,4.90,443,"[""347-974-2251""]",,347-974-2251,"520 James St, Unit 3A, LAKEWOOD, NJ, 08701, US",Unverified,New,None,Compliant,0,2025-07-18 15:23:43.892,2025-07-18 15:23:43.791,false,false,false,,A130SREFN8OBYC,false,false,NA,NotStarted,NA,
1de2a44b-55d0-4984-8658-31fa0336ec94,Lagoom Sales,https://m.media-amazon.com/images/I/41p8u1rpHqL.jpg,https://www.amazon.com/s?ie=UTF8&marketplaceID=ATVPDKIKX0DER&me=A39C6WOYNQI21G,3.80,13,"[""424-442-0687""]",,424-442-0687,"15030 Ventura Blvd, Unit number 264, SHERMAN OAKS, CA, 91403, US",Unverified,New,None,Compliant,0,2025-07-18 19:34:59.437,2025-07-18 19:34:59.34,false,false,false,,A39C6WOYNQI21G,false,false,NA,NotStarted,NA,
1e8b8078-c728-4d7d-b9e9-84c898f596d3,InStyler,,https://www.amazon.com/s?ie=UTF8&marketplaceID=ATVPDKIKX0DER&me=A2GS122QTU7GN8,5.00,1,[],,,"291 South Pearl Street, 7, DENVER, CO, 80209, US",Unverified,New,None,Compliant,0,2025-07-18 15:39:43.848,2025-07-18 15:39:43.76,false,false,false,,A2GS122QTU7GN8,false,false,NA,NotStarted,NA,
2072cf1b-3bfb-4a53-ac3f-fa54afe4313e,World-Sellers Same Day Shipping (SN recorded),https://m.media-amazon.com/images/I/01Tf78gm-jL.jpg,https://www.amazon.com/s?ie=UTF8&marketplaceID=ATVPDKIKX0DER&me=A2RRF0YJ487ZLP,4.50,149,[],,,"8006 HAUTE CT, SPRINGFIELD, VA, 22150, US",Unverified,New,None,Compliant,0,2025-07-16 19:46:12.191,2025-07-16 19:46:12.09,false,false,false,,A2RRF0YJ487ZLP,false,false,NA,NotStarted,NA,
25b559d5-1bea-462e-9582-b56b21602ee9,A2K2DTNYNP59JM,,,,,[],,,,Unverified,New,None,Compliant,0,2025-07-18 19:35:06.158,2025-07-18 19:35:06.062,false,false,false,,A2K2DTNYNP59JM,false,false,NA,NotStarted,NA,
2754b308-7c6a-47e8-b659-88670084966e,Bomb Brands ✔,https://m.media-amazon.com/images/I/01N+eCnLxJL.jpg,https://www.amazon.com/s?ie=UTF8&marketplaceID=ATVPDKIKX0DER&me=A2GHMXBDNFPYV6,4.20,239,[],,,"102 QUEENS DR, Suite E, KING OF PRUSSIA, PA, 19406, US",Unverified,New,None,Compliant,0,2025-07-16 19:48:28.342,2025-07-16 19:48:28.235,false,false,false,,A2GHMXBDNFPYV6,false,false,NA,NotStarted,NA,
275f007e-358c-436d-83bf-8e49eb557387,Selling Express.,,https://www.amazon.com/s?ie=UTF8&marketplaceID=ATVPDKIKX0DER&me=A2EDXRRCFSDUVL,3.80,35,"[""470-345-0752""]",,470-345-0752,"1242 TREEMONT TRCE, Winder, Georgia, 30680-2880, US",Unverified,New,None,Compliant,0,2025-08-04 13:27:35.326,2025-08-04 13:27:35.225,false,false,false,,A2EDXRRCFSDUVL,false,false,NA,NotStarted,NA,Active
27b6bbe4-c890-46bb-bfac-cabfd731a924,Sole Providers,,https://www.amazon.com/s?ie=UTF8&marketplaceID=ATVPDKIKX0DER&me=A35M6MZ1KA9B0G,4.80,741,[],,,"1339 Union St, Store, Brooklyn, NY, 11213, US",Unverified,New,None,Compliant,0,2025-07-18 19:34:58.742,2025-07-18 19:34:58.642,false,false,false,,A35M6MZ1KA9B0G,false,false,NA,NotStarted,NA,
29348359-a5db-45cb-b8c9-e59b3cef8b7a,ARZ HotDeals LLC,,https://www.amazon.com/s?ie=UTF8&marketplaceID=ATVPDKIKX0DER&me=A3EGEK90OCDDBG,4.80,120,"[""779-379-1055""]",,779-379-1055,"1144 E STATE ST, STE A202, GENEVA, IL, 60134, US",Unverified,New,None,Compliant,0,2025-07-18 19:35:05.984,2025-07-18 19:35:05.893,false,false,false,,A3EGEK90OCDDBG,false,false,NA,NotStarted,NA,
2b454c37-83a9-4fc8-929e-b2f72dea5fdd,Dynamic Trade inc.,,https://www.amazon.com/s?ie=UTF8&marketplaceID=ATVPDKIKX0DER&me=AJNXCRZ281NDM,4.70,23,[],,,"383 Kingston Ave, #308, BROOKLYN, NY, 11213, US",Unverified,New,None,Compliant,0,2025-07-18 19:35:04.006,2025-07-18 19:35:03.917,false,false,false,,AJNXCRZ281NDM,false,false,NA,NotStarted,NA,
2ba260cd-4854-4852-9c7e-60eeb0024f2f,PowerHouse Games,,https://www.amazon.com/s?ie=UTF8&marketplaceID=ATVPDKIKX0DER&me=A1VPYDWHG5YZIE,4.50,25,[],,,"1209 Porto Grande Dr, Unit 2, Diamond Bar, CA, 91765, US",Unverified,New,None,Compliant,0,2025-07-18 19:35:56.09,2025-07-18 19:35:55.992,false,false,false,,A1VPYDWHG5YZIE,false,false,NA,NotStarted,NA,
2d5b9fdc-ab7c-473d-a5b4-161073cd0947,Champion Wellness Inc,,https://www.amazon.com/s?ie=UTF8&marketplaceID=ATVPDKIKX0DER&me=A2RDX8944XZAEN,5.00,5,[],,,"7475 Flying Cloud Dr, 435, EDEN PRAIRIE, MN, 55344, US",Unverified,New,None,Compliant,0,2025-07-16 19:42:20.559,2025-07-16 19:42:20.462,false,false,false,,A2RDX8944XZAEN,false,false,NA,NotStarted,NA,
2dec8361-ddf1-4560-95ed-b6de4b8ba09d,wacky jacky,https://m.media-amazon.com/images/I/41Sg03zsw1L.jpg,https://www.amazon.com/s?ie=UTF8&marketplaceID=ATVPDKIKX0DER&me=A31O0S1FFXC0RC,4.80,227,"[""732-276-7539""]",,732-276-7539,"1985 Swarthmore Ave, Unit #7, Lakewood, NJ, 08701, US",Unverified,New,None,Compliant,0,2025-07-18 15:23:40.395,2025-07-18 15:23:40.29,false,false,false,,A31O0S1FFXC0RC,false,false,NA,NotStarted,NA,
3096fb82-f98c-4870-a034-1b13aa03c386,SunshineShopper,,https://www.amazon.com/s?ie=UTF8&marketplaceID=ATVPDKIKX0DER&me=A3EWEWD0ZJ39V0,4.70,193,[],,,"3049 Devauden Court Northwest, Duluth, GA, 30096, US",Unverified,New,None,Compliant,0,2025-07-18 19:35:47.631,2025-07-18 19:35:47.531,false,false,false,,A3EWEWD0ZJ39V0,false,false,NA,NotStarted,NA,
317e02ed-d033-42ac-b7ae-0a171775f184,Accretal,,https://www.amazon.com/s?ie=UTF8&marketplaceID=ATVPDKIKX0DER&me=A1KRPN4MKNK8VC,4.40,50,"[""609-841-1448""]",,609-841-1448,"70 Horseshoe Pointe Drive, PHOENIXVILLE, PA, 19460, US",Unverified,New,None,Compliant,0,2025-08-04 13:29:28.446,2025-08-04 13:29:28.349,false,false,false,,A1KRPN4MKNK8VC,false,false,NA,NotStarted,NA,Active
34c30abf-366f-42c8-8b12-b22d4e8c2989,Raw Innovation LLC,,https://www.amazon.com/s?ie=UTF8&marketplaceID=ATVPDKIKX0DER&me=A2UEYCWV1NMODM,4.90,122,[],,,"3609 Morristown Rd, Modesto, California, 95356, US",Unverified,New,None,Compliant,0,2025-07-16 19:50:18.58,2025-07-16 19:50:18.473,false,false,false,,A2UEYCWV1NMODM,false,false,NA,NotStarted,NA,
363b45c8-76e0-4557-a4b1-6d297d795ad4,Joe's Tech Shop,,https://www.amazon.com/s?ie=UTF8&marketplaceID=ATVPDKIKX0DER&me=A2KTA1SDADMGAB,4.60,89,[],,,"544 Park Ave Ste 138, Brooklyn, NY, 11205, US",Unverified,New,None,Compliant,0,2025-07-16 19:49:36.923,2025-07-16 19:49:36.822,false,false,false,,A2KTA1SDADMGAB,false,false,NA,NotStarted,NA,
3d629666-060e-4504-8fb5-5824f1f102e8,JMBO Sales,,https://www.amazon.com/s?ie=UTF8&marketplaceID=ATVPDKIKX0DER&me=A122NEKMYVAI1X,4.90,117,"[""630-670-7538""]",,630-670-7538,"9025 Hawthorn Dr, hickory Hills, IL, 60457, US",Unverified,New,None,Compliant,0,2025-07-16 19:47:29.261,2025-07-16 19:47:29.169,false,false,false,,A122NEKMYVAI1X,false,false,NA,NotStarted,NA,
3e166642-ad56-4adc-bfa8-59b6383673fb,DirectSupplyClub,,https://www.amazon.com/s?ie=UTF8&marketplaceID=ATVPDKIKX0DER&me=A14WNZUZC1YICU,4.90,182,[],,,"4924 Balboa Blvd, Unit 406, ENCINO, CA, 91316, US",Unverified,New,None,Compliant,0,2025-07-16 19:45:54.903,2025-07-16 19:45:54.809,false,false,false,,A14WNZUZC1YICU,false,false,NA,NotStarted,NA,
3fb18861-606d-4c27-97ab-6d98c3e3e4e1,Verdi!,https://m.media-amazon.com/images/I/01Iq9oaC1NL.jpg,https://www.amazon.com/s?ie=UTF8&marketplaceID=ATVPDKIKX0DER&me=A3LJ2FXZPL0RZH,4.30,1031,[],,,"500 Commerce Dr., Suite 3, BUFFALO, NY, 14228, US",Unverified,New,None,Compliant,0,2025-07-18 19:35:06.848,2025-07-18 19:35:06.76,false,false,false,,A3LJ2FXZPL0RZH,false,false,NA,NotStarted,NA,
407fc576-d445-4462-a4eb-60c8a47f5f76,Cat's A-Meowsing Deals,,,,,[],,,"3092 Feather St, CONCORD, NC, 28025, US",Unverified,New,None,Compliant,0,2025-07-18 19:36:03.368,2025-07-18 19:36:03.268,false,false,false,,A2J9K5I8LK5744,false,false,NA,NotStarted,NA,
4141a0f0-df14-4580-abb5-6c3c2d522dae,Re-Com,https://m.media-amazon.com/images/I/0183cNGYQxL.jpg,https://www.amazon.com/s?ie=UTF8&marketplaceID=ATVPDKIKX0DER&me=A37FI61TFZMV1Y,4.70,2028,"[""443-991-8963""]",,443-991-8963,"1533 Progress Way, Suite 116, Suite 116, SYKESVILLE, MD, 21784, US",Unverified,New,None,Compliant,0,2025-07-18 19:35:16.206,2025-07-18 19:35:16.107,false,false,false,,A37FI61TFZMV1Y,false,false,NA,NotStarted,NA,
429b019b-7c09-4c22-8282-0732daa949c0,Brothers 441 Brands,,https://www.amazon.com/s?ie=UTF8&marketplaceID=ATVPDKIKX0DER&me=A2EFU3OG2NJH8W,4.80,913,[],,,"441 JOHNSON AVE, Englewood, NJ, 07631, US",Unverified,New,None,Compliant,0,2025-08-04 13:44:31.126,2025-08-04 13:44:31.021,false,false,false,,A2EFU3OG2NJH8W,false,false,NA,NotStarted,NA,Active
4356d0f1-abb1-4e97-b164-d3d50156a224,BT Supply Co,https://m.media-amazon.com/images/I/01n6Pl5pGCL.jpg,https://www.amazon.com/s?ie=UTF8&marketplaceID=ATVPDKIKX0DER&me=A1IV5CZR1NMQY7,4.60,36,[],,,"2719 Gulf Shore Dr, LEWISVILLE, TX, 75067, US",Unverified,New,None,Compliant,0,2025-07-18 19:34:57.728,2025-07-18 19:34:57.629,false,false,false,,A1IV5CZR1NMQY7,false,false,NA,NotStarted,NA,
43a1fefe-798b-4487-8827-1255e46fd834,Michele's Good Finds,,,,,[],,,"454 GIANNA LN, GOOSE CREEK, SC, 29445-3672, US",Unverified,New,None,Compliant,0,2025-07-18 19:35:56.274,2025-07-18 19:35:56.172,false,false,false,,A3GQ0GV5XJZLNU,false,false,NA,NotStarted,NA,
467ca007-ff5b-4bfb-89db-9c6328b8092f,STC Distributors (Serial # Recorded),,https://www.amazon.com/s?ie=UTF8&marketplaceID=ATVPDKIKX0DER&me=AD7Y6TQ6313D1,4.90,127,[],,,"3601 SATURN RD, CORPUS CHRISTI, TX, 78413, US",Unverified,New,None,Compliant,0,2025-07-16 19:49:55.248,2025-07-16 19:49:55.149,false,false,false,,AD7Y6TQ6313D1,false,false,NA,NotStarted,NA,
476a41bd-298a-4ebf-8f5d-dff4b8e8d6a8,Online Gaming Store,,https://www.amazon.com/s?ie=UTF8&marketplaceID=ATVPDKIKX0DER&me=A34CX0ISM2EQ00,4.90,537,[],,,"18045 W Little York Rd STE 15, STE 15, KATY, TX, 77449, US",Unverified,New,None,Compliant,0,2025-07-16 19:48:02.326,2025-07-16 19:48:02.23,false,false,false,,A34CX0ISM2EQ00,false,false,NA,NotStarted,NA,
47e54e30-0753-4541-8ee6-818d8974675c,Molon Lave,,https://www.amazon.com/s?ie=UTF8&marketplaceID=ATVPDKIKX0DER&me=A1ZIKKGREX6S,4.50,6,[],,,"2112 33rd Ave, First Floor, Astoria, NY, 11106, US",Unverified,New,None,Compliant,0,2025-07-16 19:42:12.321,2025-07-16 19:42:12.216,false,false,false,,A1ZIKKGREX6S,false,false,NA,NotStarted,NA,
4aed44e7-0ccc-4f44-8328-48f0f3cdf506,SF0 Athletics,,https://www.amazon.com/s?ie=UTF8&marketplaceID=ATVPDKIKX0DER&me=A2TVRE2CB5TELZ,4.30,770,[],,,"300 Delaware Ave. Suite 210-511, WILMINGTON, DE, 19801, US",Unverified,New,None,Compliant,0,2025-08-04 13:44:34.845,2025-08-04 13:44:34.744,false,false,false,,A2TVRE2CB5TELZ,false,false,NA,NotStarted,NA,Active
4b32495e-c401-4baa-9ebf-b0d54f432f54,qualityondemand,,https://www.amazon.com/s?ie=UTF8&marketplaceID=ATVPDKIKX0DER&me=A1PAHOYIK66GF1,4.90,77,[],,,"901 PENNSYLVANIA AVENUE, 3-337, miami beach, FL, 33139, US",Unverified,New,None,Compliant,0,2025-07-16 19:49:03.563,2025-07-16 19:49:03.433,false,false,false,,A1PAHOYIK66GF1,false,false,NA,NotStarted,NA,
4da7b813-16b9-4cce-9a5c-7dea817bc3bd,Productsellers LLC,,https://www.amazon.com/s?ie=UTF8&marketplaceID=ATVPDKIKX0DER&me=A2CPHDMKB5GN9U,4.30,15,[],,,"11 S HELLERTOWN AVE, QUAKERTOWN, PA, 18951-1727, US",Unverified,New,None,Compliant,0,2025-07-18 19:35:52.134,2025-07-18 19:35:52.029,false,false,false,,A2CPHDMKB5GN9U,false,false,NA,NotStarted,NA,
4f1c4154-761b-4982-9992-773d35133a2b,G&T DEALS,,https://www.amazon.com/s?ie=UTF8&marketplaceID=ATVPDKIKX0DER&me=AN6LAX129MKAC,4.30,35,[],,,"5A DUNE CT, Lakewood, New Jersey, 08701, US",Unverified,New,None,Compliant,0,2025-07-18 15:23:12.57,2025-07-18 15:23:12.138,false,false,false,,AN6LAX129MKAC,false,false,NA,NotStarted,NA,
4fb9ad01-f57b-47e4-a13a-dab1069cc07a,Best Tech Deal Corp,https://m.media-amazon.com/images/I/01SxQ1qb+SL.jpg,https://www.amazon.com/s?ie=UTF8&marketplaceID=ATVPDKIKX0DER&me=A2N29255NZNZAN,4.50,91,[],,,"325 N. 10TH STREET, SUITE 400 #157, LEWISBURG, PA, 17837, US",Unverified,New,None,Compliant,0,2025-07-16 19:48:23.166,2025-07-16 19:48:23.058,false,false,false,,A2N29255NZNZAN,false,false,NA,NotStarted,NA,
511f26b7-4dae-4e61-9192-e46fe349f35e,AAA-Shop,,https://www.amazon.com/s?ie=UTF8&marketplaceID=ATVPDKIKX0DER&me=A1CWSGXIR635I6,4.00,111,[],,,"330 Centerpoint Blvd, wc8, Historic New Castle, DE, 19720, US",Unverified,New,None,Compliant,0,2025-07-16 19:48:26.864,2025-07-16 19:48:26.765,false,false,false,,A1CWSGXIR635I6,false,false,NA,NotStarted,NA,
526e2c04-bd2c-4150-b4fd-ea0162903a0f,Green Light Bargains,,https://www.amazon.com/s?ie=UTF8&marketplaceID=ATVPDKIKX0DER&me=A175HDYVVGCJ1N,4.70,55,"[""801-707-7447""]",,801-707-7447,"961 N 650 E, BOUNTIFUL, UT, 84010-2607, US",Unverified,New,None,Compliant,0,2025-07-16 19:48:36.912,2025-07-16 19:48:36.812,false,false,false,,A175HDYVVGCJ1N,false,false,NA,NotStarted,NA,
5498628b-5a72-4492-836d-9a513280ee71,Electric Zebra,,https://www.amazon.com/s?ie=UTF8&marketplaceID=ATVPDKIKX0DER&me=A1QPLNLZSN1YUA,4.80,107,[],,,"478 Albany ave, Ste #44, BROOKLYN, NY, 11203, US",Unverified,New,None,Compliant,0,2025-07-16 19:47:35.8,2025-07-16 19:47:35.7,false,false,false,,A1QPLNLZSN1YUA,false,false,NA,NotStarted,NA,
55840895-04f3-493a-9f51-8ac41b35f4d8,Epic Computers and Electronics(Gift Wrap and 2-Day,,https://www.amazon.com/s?ie=UTF8&marketplaceID=ATVPDKIKX0DER&me=AOLSZLL8LC94T,3.80,26,[],,,"883 Edinburg Rd, TRENTON, NJ, 08690, US",Unverified,New,None,Compliant,0,2025-07-16 19:48:19.667,2025-07-16 19:48:19.564,false,false,false,,AOLSZLL8LC94T,false,false,NA,NotStarted,NA,
58a3c0dd-1f26-41dc-add5-7286aa2c8441,SmartShopper LLC,,https://www.amazon.com/s?ie=UTF8&marketplaceID=ATVPDKIKX0DER&me=AJ98EZ5BUNORU,2.50,19,[],,,"5606 Exeter Dr, Richardson, Texas, 75082-4014, US",Unverified,New,None,Compliant,0,2025-07-16 19:47:26.418,2025-07-16 19:47:26.323,false,false,false,,AJ98EZ5BUNORU,false,false,NA,NotStarted,NA,
58e0b434-edcf-4868-9a97-b8208948329a,Rustic Wholesale,https://m.media-amazon.com/images/I/01j1fhfHCJL.jpg,https://www.amazon.com/s?ie=UTF8&marketplaceID=ATVPDKIKX0DER&me=A3SPU9A7UEBJT3,5.00,31,[],,,"50 Schley Ave, Tom's River, NJ, 08755, US",Unverified,New,None,Compliant,0,2025-07-18 19:35:22.462,2025-07-18 19:35:22.371,false,false,false,,A3SPU9A7UEBJT3,false,false,NA,NotStarted,NA,
5c815396-1409-43f3-be97-2148ffd01019,Technology Galaxy,https://m.media-amazon.com/images/I/1145HYm2zEL.gif,https://www.amazon.com/s?ie=UTF8&marketplaceID=ATVPDKIKX0DER&me=ASF0S1GFIHF5V,3.70,227,"[""702-792-2111""]",,702-792-2111,"871 Harold Place Ste 103, CHULA VISTA, CA, 91914, US",Unverified,New,None,Compliant,0,2025-07-16 19:49:45.17,2025-07-16 19:49:45.062,false,false,false,,ASF0S1GFIHF5V,false,false,NA,NotStarted,NA,
5e0e02e3-e659-4cff-b1d8-72ca0e3df4b6,PCNation,https://m.media-amazon.com/images/I/11+F4trqLIL.jpg,https://www.amazon.com/s?ie=UTF8&marketplaceID=ATVPDKIKX0DER&me=AANSFONOCR8T3,3.40,140,"[""1-800-235-0909""]",,1-800-235-0909,"500 Central Ave, Northfield, IL, 60093, US",Unverified,New,None,Compliant,0,2025-07-18 19:35:27.427,2025-07-18 19:35:27.333,false,false,false,,AANSFONOCR8T3,false,false,NA,NotStarted,NA,
5e207bca-a603-4a1d-bb56-e5806033dcec,South Western Limited,https://m.media-amazon.com/images/I/11W7DWeRbDL.jpg,https://www.amazon.com/s?ie=UTF8&marketplaceID=ATVPDKIKX0DER&me=ARPJR2MH0C1P7,4.70,12,"[""818-855-8250""]",,818-855-8250,"5320 Zelzah Avenue, #311, ENCINO, CA, 91316, US",Unverified,New,None,Compliant,0,2025-07-18 19:35:34.48,2025-07-18 19:35:34.381,false,false,false,,ARPJR2MH0C1P7,false,false,NA,NotStarted,NA,
5e4ce811-bd02-46ef-be43-0739a4c237b2,NCX Distribution,,https://www.amazon.com/s?ie=UTF8&marketplaceID=ATVPDKIKX0DER&me=A1OIZDZH4EUYKF,5.00,7,[],,,"4701 Sangamore Rd, Suite 100N, BETHESDA, MD, 20816, US",Unverified,New,None,Compliant,0,2025-07-18 19:34:56.828,2025-07-18 19:34:56.731,false,false,false,,A1OIZDZH4EUYKF,false,false,NA,NotStarted,NA,
5e731735-49a0-46d4-9649-1a7126e4e83e,Mint Blossoms,,https://www.amazon.com/s?ie=UTF8&marketplaceID=ATVPDKIKX0DER&me=A3CVLXKQUXT88R,4.30,52,"[""929-509-2924""]",,929-509-2924,"4841Tellson Pl, ORLANDO, FL, 32812, US",Unverified,New,None,Compliant,0,2025-08-04 13:27:25.44,2025-08-04 13:27:25.346,false,false,false,,A3CVLXKQUXT88R,false,false,NA,NotStarted,NA,Active
5f2d7be5-6d4c-455a-b34b-2ef59ca844df,Ecom Solution Partners,,https://www.amazon.com/s?ie=UTF8&marketplaceID=ATVPDKIKX0DER&me=A2WF56F9QN9WF1,4.80,30,[],,,"419 Hurston Circle, Charlotte, NC, 28208, US",Unverified,New,None,Compliant,0,2025-07-18 19:35:13.428,2025-07-18 19:35:13.339,false,false,false,,A2WF56F9QN9WF1,false,false,NA,NotStarted,NA,
602f883d-9a3e-459d-adbd-c180fa34a81b,TECH61,https://m.media-amazon.com/images/I/31k-GOHFzIL.jpg,https://www.amazon.com/s?ie=UTF8&marketplaceID=ATVPDKIKX0DER&me=A3KO3B0FA95YGB,4.70,841,[],,,"60 South 2nd St. Ste F, Deer Park, NY, 11729, US",Unverified,New,None,Compliant,0,2025-07-16 19:47:46.022,2025-07-16 19:47:45.93,false,false,false,,A3KO3B0FA95YGB,false,false,NA,NotStarted,NA,
60afed4f-3c21-43a2-b597-224ad593ffd2,Gimme That LLC,,https://www.amazon.com/s?ie=UTF8&marketplaceID=ATVPDKIKX0DER&me=A32LI9J2ZLOKB3,2.50,2,[],,,"3354 W Jordan Line Pkwy, WEST JORDAN, UT, 84088, US",Unverified,New,None,Compliant,0,2025-07-18 19:35:40.493,2025-07-18 19:35:40.394,false,false,false,,A32LI9J2ZLOKB3,false,false,NA,NotStarted,NA,
611f1b6a-bcdd-46d8-832e-6114e2612b58,security4less,,https://www.amazon.com/s?ie=UTF8&marketplaceID=ATVPDKIKX0DER&me=AAC4JOWK7NN3I,4.10,15,[],,,"10929 FRANKLIN AVE, STE N, FRANKLIN PARK, IL, 60131, US",Unverified,New,None,Compliant,0,2025-07-18 19:35:24.833,2025-07-18 19:35:24.739,false,false,false,,AAC4JOWK7NN3I,false,false,NA,NotStarted,NA,
61463fe7-d242-408e-9ce1-71a06ce6cebd,the quality shop,,https://www.amazon.com/s?ie=UTF8&marketplaceID=ATVPDKIKX0DER&me=A13ZB2RE495DR0,4.80,41,[],,,"12864 biscayne blvd suite 205, north miami, florida, 33181, US",Unverified,New,None,Compliant,0,2025-07-16 19:45:56.513,2025-07-16 19:45:56.421,false,false,false,,A13ZB2RE495DR0,false,false,NA,NotStarted,NA,
61fe24c5-dd83-4cf9-b681-acd9e84142cc,AI Servers,,https://www.amazon.com/s?ie=UTF8&marketplaceID=ATVPDKIKX0DER&me=A2BFXNI17QUOL5,3.90,129,[],,,"PO Box 251, Selden, NY, 11784, US",Unverified,New,None,Compliant,0,2025-07-18 19:34:43.901,2025-07-18 19:34:43.806,false,false,false,,A2BFXNI17QUOL5,false,false,NA,NotStarted,NA,
62c0c0f7-3eac-43ca-ae28-79a71a8b9c40,HALF TIME,https://m.media-amazon.com/images/I/11CrVF5E53L.jpg,https://www.amazon.com/s?ie=UTF8&marketplaceID=ATVPDKIKX0DER&me=A2AWKZBCPMNLY2,4.90,248,"[""561-341-0208""]",,561-341-0208,"1525 Prospect Street, Unit 5, LAKEWOOD, NJ, 08701, US",Unverified,New,None,Compliant,0,2025-07-18 15:23:29.551,2025-07-18 15:23:29.451,false,false,false,,A2AWKZBCPMNLY2,false,false,NA,NotStarted,NA,
62dc4bdd-7f07-416e-9b3e-e192dcc5a4b3,QZ Rare Products ✅,https://m.media-amazon.com/images/I/014mGiAwawL.jpg,https://www.amazon.com/s?ie=UTF8&marketplaceID=ATVPDKIKX0DER&me=A228MSBRW5BRG9,3.40,36,"[""+19087657444""]",,+19087657444,"2392 Jungle Dr, Ruskin, FL, 33570, US",Unverified,New,None,Compliant,0,2025-08-04 13:29:13.448,2025-08-04 13:29:13.355,false,false,false,,A228MSBRW5BRG9,false,false,NA,NotStarted,NA,Active
62e32bd8-2820-4676-a4c4-41917b9a233f,Tech Source Pros,,https://www.amazon.com/s?ie=UTF8&marketplaceID=ATVPDKIKX0DER&me=A1KPWUFM4I9NL0,4.30,25,[],,,"8206 Louisiana Blvd Ne, Ste A #480, Albuquerque, NM, 87113, US",Unverified,New,None,Compliant,0,2025-07-18 15:23:25.388,2025-07-18 15:23:25.279,false,false,false,,A1KPWUFM4I9NL0,false,false,NA,NotStarted,NA,
642e8e56-3b33-4a70-8d35-4d30d5a972e1,Osomewireless,https://m.media-amazon.com/images/I/01MUnT4qosL.jpg,https://www.amazon.com/s?ie=UTF8&marketplaceID=ATVPDKIKX0DER&me=A3C4YDI0318YTD,4.40,100,"[""832-400-2611""]",,832-400-2611,"7800 Harwin Dr, STE A4, Houston, Tx, 77036, US",Unverified,New,None,Compliant,0,2025-07-16 19:48:21.099,2025-07-16 19:48:20.988,false,false,false,,A3C4YDI0318YTD,false,false,NA,NotStarted,NA,
64917f4a-a3a3-4895-893b-7a984cd6dd80,Barre Bros,https://m.media-amazon.com/images/I/116O+RVz-4L.gif,,,,[],,,"3201, Rochester, MI, 48309, US",Unverified,New,None,Compliant,0,2025-07-18 19:35:08.222,2025-07-18 19:35:08.126,false,false,false,,A1FIVHUVCP323S,false,false,NA,NotStarted,NA,
65aaf505-882f-420d-bf93-b84c78023662,Front Row Group,,https://www.amazon.com/s?ie=UTF8&marketplaceID=ATVPDKIKX0DER&me=A25W1DZX5FW5M7,4.90,5282,[],,,"5 Crosby St, #5A, NEW YORK, NY, 10013, US",Unverified,New,None,Compliant,0,2025-07-18 15:39:41.93,2025-07-18 15:39:41.832,false,false,false,,A25W1DZX5FW5M7,false,false,NA,NotStarted,NA,
69abf62e-c5bf-4d5d-959f-92d34eff596a,NAMA Technology LLC,,https://www.amazon.com/s?ie=UTF8&marketplaceID=ATVPDKIKX0DER&me=AQH6BLIXB790D,3.10,18,[],,,"1432 Missionary Ridge Trail, Fort Worth, Texas, 76131, US",Unverified,New,None,Compliant,0,2025-07-18 19:35:22.608,2025-07-18 19:35:22.516,false,false,false,,AQH6BLIXB790D,false,false,NA,NotStarted,NA,
6c741ece-38fb-4ab3-bb75-1c6254e6ab0b,Premier Outlets,,https://www.amazon.com/s?ie=UTF8&marketplaceID=ATVPDKIKX0DER&me=ARMFMCELR7TBF,4.10,356,[],,,"162 Ave T, BROOKLYN, NY, 11223, US",Unverified,New,None,Compliant,0,2025-08-04 13:44:45.052,2025-08-04 13:44:44.957,false,false,false,,ARMFMCELR7TBF,false,false,NA,NotStarted,NA,Active
6d119f83-53ee-4eda-878c-fc4970da7a45,Recondition Geek,,https://www.amazon.com/s?ie=UTF8&marketplaceID=ATVPDKIKX0DER&me=AWXPEDBROQWBZ,4.50,143,[],,,"560 W 20TH ST UNIT 8, UNIT 8, HIALEAH, FL, 33010-2427, US",Unverified,New,None,Compliant,0,2025-07-16 19:47:39.54,2025-07-16 19:47:39.433,false,false,false,,AWXPEDBROQWBZ,false,false,NA,NotStarted,NA,
6d804aaa-6ebc-4ce3-a0d1-5d98146c69a8,HTechStore,,https://www.amazon.com/s?ie=UTF8&marketplaceID=ATVPDKIKX0DER&me=A2QKD5JVNXLACZ,5.00,15,"[""517-648-7610""]",,517-648-7610,"22119 Barclay Ct, NOVI, MI, 48374, US",Unverified,New,None,Compliant,0,2025-07-16 19:47:43.183,2025-07-16 19:47:43.09,false,false,false,,A2QKD5JVNXLACZ,false,false,NA,NotStarted,NA,
7165707d-d09f-4cf2-bba3-00eedae228d0,Dont_Look_Back,,https://www.amazon.com/s?ie=UTF8&marketplaceID=ATVPDKIKX0DER&me=A6EZPMZ7QJWRJ,2.70,3,"[""786-458-4017""]",,786-458-4017,"13204 w dixie hwy, North miami, fl, 33161, US",Unverified,New,None,Compliant,0,2025-07-18 19:35:07.428,2025-07-18 19:35:07.327,false,false,false,,A6EZPMZ7QJWRJ,false,false,NA,NotStarted,NA,
742d0ef3-62ad-4e7d-b4e8-410472ef17da,Elevation Tech,,https://www.amazon.com/s?ie=UTF8&marketplaceID=ATVPDKIKX0DER&me=A17X7E85316ULS,4.70,58,[],,,"PO Box 231633, ANCHORAGE, AK, 99523, US",Unverified,New,None,Compliant,0,2025-07-16 19:49:48.638,2025-07-16 19:49:48.548,false,false,false,,A17X7E85316ULS,false,false,NA,NotStarted,NA,
74d562c5-ebfd-4e6a-a2af-fe31a8a3c9f1,Woot,https://m.media-amazon.com/images/I/01olxCUizzL.jpg,https://www.amazon.com/s?ie=UTF8&marketplaceID=ATVPDKIKX0DER&me=A1KWJVS57NX03I,4.80,40625,[],,,"4121 International Parkway, Carrollton, Texas, 75007, US",Unverified,New,None,Compliant,0,2025-07-16 19:42:22.946,2025-07-16 19:42:22.847,false,false,false,,A1KWJVS57NX03I,false,false,NA,NotStarted,NA,
74dbdab0-2752-47cd-bdbf-0994cd90537b,New Sun Mart (S/N Recorded）,,https://www.amazon.com/s?ie=UTF8&marketplaceID=ATVPDKIKX0DER&me=AUJTR5K7J766,4.60,238,[],,,"9 bee bee ct, DERWOOD, MD, 20855, US",Unverified,New,None,Compliant,0,2025-07-16 19:47:47.458,2025-07-16 19:47:47.356,false,false,false,,AUJTR5K7J766,false,false,NA,NotStarted,NA,
7590cfb8-fd0b-49ee-a081-4e4e9b5b4446,Hot Audio,,https://www.amazon.com/s?ie=UTF8&marketplaceID=ATVPDKIKX0DER&me=A15XS9XAUMP087,4.20,107,[],,,"360 Faraday Ave, Building 3 - Suite 302, Jackson, NJ, 08527, US",Unverified,New,None,Compliant,0,2025-07-18 19:35:15.779,2025-07-18 19:35:15.688,false,false,false,,A15XS9XAUMP087,false,false,NA,NotStarted,NA,
75cf1322-7fc8-4616-aba7-8fd6cd6f713f,"THE SHOE RACK, INC.",,https://www.amazon.com/s?ie=UTF8&marketplaceID=ATVPDKIKX0DER&me=A2LYVF42GM0BN2,4.30,286,[],,,"6932 Crimon Dr, Buena Park, California, 90621, US",Unverified,New,None,Compliant,0,2025-08-04 13:44:35.365,2025-08-04 13:44:35.273,false,false,false,,A2LYVF42GM0BN2,false,false,NA,NotStarted,NA,Active
7905c055-544f-401d-815d-8286b0b1ae55,HAPPY TOOL,,https://www.amazon.com/s?ie=UTF8&marketplaceID=ATVPDKIKX0DER&me=A114DO0SXVYAAT,4.40,254,[],,,"3631 Yale Way, Fremont, CA, 94538, US",Unverified,New,None,Compliant,0,2025-07-18 19:35:52.611,2025-07-18 19:35:52.504,false,false,false,,A114DO0SXVYAAT,false,false,NA,NotStarted,NA,
7bff7e91-96f3-40d0-97c3-4f286e711f9a,Just Right!,,https://www.amazon.com/s?ie=UTF8&marketplaceID=ATVPDKIKX0DER&me=AT9CJ0S27CNET,4.10,490,[],,,"2388 NW 150th St, Unit #2, OPA LOCKA, FL, 33054, US",Unverified,New,None,Compliant,0,2025-07-16 19:48:51.42,2025-07-16 19:48:51.32,false,false,false,,AT9CJ0S27CNET,false,false,NA,NotStarted,NA,
7cf6e59a-9681-499f-9b0a-0d63672f56bb,Iggy's,https://m.media-amazon.com/images/I/21oTwZK7XPL.jpg,https://www.amazon.com/s?ie=UTF8&marketplaceID=ATVPDKIKX0DER&me=A1RF2IWDJ194MO,4.90,93,"[""866-216-1072""]",,866-216-1072,"2120 Plantside Drive, LOUISVILLE, KY, 40299, US",Unverified,New,None,Compliant,0,2025-08-04 09:52:20.483,2025-08-04 09:52:20.385,false,false,false,,A1RF2IWDJ194MO,false,false,NA,NotStarted,NA,Active
7e0d66bc-8713-4af4-948f-5159231b8035,LIFE & BEAUTY,,https://www.amazon.com/s?ie=UTF8&marketplaceID=ATVPDKIKX0DER&me=AOHS54QJQKT7A,4.90,467,[],,,"37 WAGON RD, ROSLYN HEIGHTS, NY, 11577, US",Unverified,New,None,Compliant,0,2025-07-16 19:42:00.185,2025-07-16 19:42:00.097,false,false,false,,AOHS54QJQKT7A,false,false,NA,NotStarted,NA,
7e5478f3-2e1b-41ee-b12a-79462e5fd5e0,Pierpont,,https://www.amazon.com/s?ie=UTF8&marketplaceID=ATVPDKIKX0DER&me=A3RCHVCUR6ETLZ,4.50,105,"[""551-308-7300""]",,551-308-7300,"243 BROADWAY, #9188, NEWARK, NJ, 07104, US",Unverified,New,None,Compliant,0,2025-07-16 19:47:11.703,2025-07-16 19:47:11.608,false,false,false,,A3RCHVCUR6ETLZ,false,false,NA,NotStarted,NA,
7f4d67bb-0978-4fe5-86b3-095cb913e40f,DeAnne Distribution,https://m.media-amazon.com/images/I/01NUHJAOyDL.jpg,https://www.amazon.com/s?ie=UTF8&marketplaceID=ATVPDKIKX0DER&me=A2WY2XT3ZR2T1A,,,[],,,"9737 THORNE CLIFF WAY UNIT 104, FISHERS, IN, 46037-7647, US",Unverified,New,None,Compliant,0,2025-08-04 09:52:15.995,2025-08-04 09:52:15.9,false,false,false,,A2WY2XT3ZR2T1A,false,false,NA,NotStarted,NA,Active
82119ca2-1ff2-4832-b0f6-adf4c4c643cd,CnCPlus,,,,,[],,,"2415 Teaberry Gln, ESCONDIDO, CA, 92027, US",Unverified,New,None,Compliant,0,2025-07-18 19:34:58.186,2025-07-18 19:34:58.093,false,false,false,,A34ZUF38QCV8FS,false,false,NA,NotStarted,NA,
822d95ca-0d91-4a11-bef5-1a3f9c80a27e,RareItem,,https://www.amazon.com/s?ie=UTF8&marketplaceID=ATVPDKIKX0DER&me=A3I3ZXQXKHU5U1,4.50,13,"[""224-212-0168""]",,224-212-0168,"5905 ATLANTA HWY STE 101 PMB 5001, ALPHARETTA, GA, 30004, US",Unverified,New,None,Compliant,0,2025-07-18 19:35:36.691,2025-07-18 19:35:36.596,false,false,false,,A3I3ZXQXKHU5U1,false,false,NA,NotStarted,NA,
840fde15-b316-4c03-bec8-a3ef99b4edbe,Infitek,https://m.media-amazon.com/images/I/01sBnjcpwEL.jpg,https://www.amazon.com/s?ie=UTF8&marketplaceID=ATVPDKIKX0DER&me=A1FWXMGABC25ST,4.80,78,[],,,"4344 ROUTE 27, PRINCETON, NJ, 08540, US",Unverified,New,None,Compliant,0,2025-07-16 19:47:49.281,2025-07-16 19:47:49.187,false,false,false,,A1FWXMGABC25ST,false,false,NA,NotStarted,NA,
843fe8f8-3c22-4577-89c5-f721436090ed,Whole Premium Store,,https://www.amazon.com/s?ie=UTF8&marketplaceID=ATVPDKIKX0DER&me=A2KXC3GQ5Z8BUO,2.50,134,[],,,"8600 Commodity Cir, Ste 167, Orlando, FL, 32819, US",Unverified,New,None,Compliant,0,2025-07-16 19:48:08.458,2025-07-16 19:48:08.354,false,false,false,,A2KXC3GQ5Z8BUO,false,false,NA,NotStarted,NA,
84d07a56-4612-41a0-bef8-9b650c2965b6,Legacy-books,,https://www.amazon.com/s?ie=UTF8&marketplaceID=ATVPDKIKX0DER&me=A319R4T1PW9YVZ,4.30,6,[],,,"3577 se mall street apt 37, Portland, or, 97202, US",Unverified,New,None,Compliant,0,2025-07-18 19:34:55.388,2025-07-18 19:34:55.3,false,false,false,,A319R4T1PW9YVZ,false,false,NA,NotStarted,NA,
8a1294f5-3cad-4868-9976-35b2dc2eebe0,Mlaags,https://m.media-amazon.com/images/I/01IH8f+3iQL.jpg,https://www.amazon.com/s?ie=UTF8&marketplaceID=ATVPDKIKX0DER&me=A1N20WTQS72R07,4.70,241,[],,,"21 Lety Lane, Suffern, New York, 10901, US",Unverified,New,None,Compliant,0,2025-07-18 19:35:51.582,2025-07-18 19:35:51.49,false,false,false,,A1N20WTQS72R07,false,false,NA,NotStarted,NA,
8a471f24-0a46-42f6-9e18-63022e453df5,1Stop2Save (S/N Recorded),https://m.media-amazon.com/images/I/01j7jwtJ0zL.jpg,https://www.amazon.com/s?ie=UTF8&marketplaceID=ATVPDKIKX0DER&me=A1XCYX869I4MNI,5.00,12,[],,,"1858 East 14th Street, BROOKLYN, NY, 11229, US",Unverified,New,None,Compliant,0,2025-07-17 17:32:14.908,2025-07-17 17:32:14.804,false,false,false,,A1XCYX869I4MNI,false,false,NA,NotStarted,NA,
8c0a617a-1aa3-4379-93ce-b9e3d98d08da,WowTimes,,,,,[],,,"250 Collins View Ct, LAWRENCEVILLE, GA, 30043, US",Unverified,New,None,Compliant,0,2025-07-18 19:35:02.497,2025-07-18 19:35:02.401,false,false,false,,A2G4ELRFCKF433,false,false,NA,NotStarted,NA,
8dbe3ea1-81cb-42b4-a55b-af150cbf409c,Solano Tech,,https://www.amazon.com/s?ie=UTF8&marketplaceID=ATVPDKIKX0DER&me=A2CD4UIVZ5PAMZ,3.50,17,[],,,"2196 Sargent Ave, SIMI VALLEY, CA, 93063, US",Unverified,New,None,Compliant,0,2025-07-18 19:34:46.725,2025-07-18 19:34:46.303,false,false,false,,A2CD4UIVZ5PAMZ,false,false,NA,NotStarted,NA,
8e74c3cb-d678-4313-ad63-7ccee6b2d1ef,Emporium Brands,,https://www.amazon.com/s?ie=UTF8&marketplaceID=ATVPDKIKX0DER&me=ANBWRVOP758VC,3.10,38,[],,,"8015 International Drive, #508, ORLANDO, FL, 32819, US",Unverified,New,None,Compliant,0,2025-07-16 19:48:03.201,2025-07-16 19:48:03.091,false,false,false,,ANBWRVOP758VC,false,false,NA,NotStarted,NA,
8f3344a3-d68c-473d-91e5-99f9449f8af4,AllSavings,,https://www.amazon.com/s?ie=UTF8&marketplaceID=ATVPDKIKX0DER&me=A3CVOTRPHGZIE1,5.00,163,[],,,"200 north route 303, West nyack, New York, 10994, US",Unverified,New,None,Compliant,0,2025-07-16 19:49:41.463,2025-07-16 19:49:41.361,false,false,false,,A3CVOTRPHGZIE1,false,false,NA,NotStarted,NA,
9003d3e8-bd55-45cf-a159-6b667dd7e0d6,IPC-STORE✅,https://m.media-amazon.com/images/I/11ehlepnzdL.jpg,https://www.amazon.com/s?ie=UTF8&marketplaceID=ATVPDKIKX0DER&me=A284PRV19Y1MTF,4.40,439,"[""800-676-8680""]",,800-676-8680,"300 Delaware Ave., Suite 210 - #249, WILMINGTON, DE, 19801, US",Unverified,New,None,Compliant,0,2025-07-16 19:48:24.722,2025-07-16 19:48:24.615,false,false,false,,A284PRV19Y1MTF,false,false,NA,NotStarted,NA,
903c9870-18c4-421e-93e0-d050a4648513,planet technology (we record SN),https://m.media-amazon.com/images/I/11Y9O0u47TL.jpg,https://www.amazon.com/s?ie=UTF8&marketplaceID=ATVPDKIKX0DER&me=A53W3WXS1QYDG,4.50,21,[],,,"16107 Kensington Dr. #1004, #1004, Sugar Land, TX, 77479, US",Unverified,New,None,Compliant,0,2025-07-18 19:35:18.62,2025-07-18 19:35:18.525,false,false,false,,A53W3WXS1QYDG,false,false,NA,NotStarted,NA,
934eee54-ebe7-4797-8bdc-798d774e0447,MSDesigns,,https://www.amazon.com/s?ie=UTF8&marketplaceID=ATVPDKIKX0DER&me=A1UNNTEITHQNBW,4.90,503,[],,,"1824 w 2300 s, WOODS CROSS, UT, 84087, US",Unverified,New,None,Compliant,0,2025-07-16 19:41:25.118,2025-07-16 19:41:25.023,false,false,false,,A1UNNTEITHQNBW,false,false,NA,NotStarted,NA,
94b1d9a1-6ed4-40c9-9470-78a9c37b077f,KnottedIndustries,,https://www.amazon.com/s?ie=UTF8&marketplaceID=ATVPDKIKX0DER&me=A2E7Z9EBWIXABU,4.90,528,[],,,"1920 S 200 E, Clearfield, UT, 84015, US",Unverified,New,None,Compliant,0,2025-08-04 09:52:37.14,2025-08-04 09:52:37.034,false,false,false,,A2E7Z9EBWIXABU,false,false,NA,NotStarted,NA,Active
95440e8d-a8a9-4a0d-9671-16cec9ee9998,Elite Security Systems,,https://www.amazon.com/s?ie=UTF8&marketplaceID=ATVPDKIKX0DER&me=A2U19J3BGEWS0D,1.00,1,[],,,"po box 269, whitt, TX, 76490, US",Unverified,New,None,Compliant,0,2025-07-18 19:35:06.212,2025-07-18 19:35:06.116,false,false,false,,A2U19J3BGEWS0D,false,false,NA,NotStarted,NA,
965688ab-1b5c-4cc4-ba9d-cfa41e898213,Chartleader,,https://www.amazon.com/s?ie=UTF8&marketplaceID=ATVPDKIKX0DER&me=A3E6OTNEE6C7PZ,4.90,21,[],,,"1765 Dakota Ridge Trail, Reno, NV, 89523, US",Unverified,New,None,Compliant,0,2025-07-18 19:35:02.423,2025-07-18 19:35:02.336,false,false,false,,A3E6OTNEE6C7PZ,false,false,NA,NotStarted,NA,
96c8d082-ce2c-4309-9b9f-79bb95d4137e,617Sellz,,https://www.amazon.com/s?ie=UTF8&marketplaceID=ATVPDKIKX0DER&me=AH47RWES04KRE,4.50,47,[],,,"75 POSZT ISLAND RD, QUINCY, MA, 02169, US",Unverified,New,None,Compliant,0,2025-07-16 19:42:44.694,2025-07-16 19:42:44.585,false,false,false,,AH47RWES04KRE,false,false,NA,NotStarted,NA,
96e53192-a920-446e-98d0-a24741064416,SHOPSIMPLE,,https://www.amazon.com/s?ie=UTF8&marketplaceID=ATVPDKIKX0DER&me=AW28EV66OQ1K3,4.70,58,[],,,"424A SOUTH ST #127, FRONT ROYAL, VA, 22630-5150, US",Unverified,New,None,Compliant,0,2025-07-16 19:47:31.096,2025-07-16 19:47:30.993,false,false,false,,AW28EV66OQ1K3,false,false,NA,NotStarted,NA,
97bef7a0-a6ab-4e9e-9546-8d36df759319,ARS SUPPLIES CO (S/N Recorded),,https://www.amazon.com/s?ie=UTF8&marketplaceID=ATVPDKIKX0DER&me=A1C1RASZXZKDQ,4.10,47,"[""contact@olggroupcorp.com.""]",contact@olggroupcorp.com.,,"5936 CHERRY LOOP UNIT B, AUSTIN, TX, 78745-3821, US",Unverified,New,None,Compliant,0,2025-07-16 19:48:44.486,2025-07-16 19:48:44.387,false,false,false,,A1C1RASZXZKDQ,false,false,NA,NotStarted,NA,
97fbc27f-04a8-45b5-9a3a-e594bfe97748,jerimac LLC,https://m.media-amazon.com/images/I/41T8wxK72DL.jpg,https://www.amazon.com/s?ie=UTF8&marketplaceID=ATVPDKIKX0DER&me=A22WDDUTEZEFZX,5.00,4,[],,,"12 West Ledge, BURLINGTON, CT, 06013, US",Unverified,New,None,Compliant,0,2025-07-18 19:35:10.4,2025-07-18 19:35:10.304,false,false,false,,A22WDDUTEZEFZX,false,false,NA,NotStarted,NA,
99708d96-3fa0-4c51-8974-db21de7356c4,Tech Union LLC,,https://www.amazon.com/s?ie=UTF8&marketplaceID=ATVPDKIKX0DER&me=A2Y5T0ACYB29LM,4.80,50,[],,,"6221 irving ave s, richfield, mn, 55423, US",Unverified,New,None,Compliant,0,2025-07-16 19:49:06.575,2025-07-16 19:49:06.47,false,false,false,,A2Y5T0ACYB29LM,false,false,NA,NotStarted,NA,
99a794db-c6b5-4867-ace3-f6cd95797dbf,Greatbuy Hitech,,https://www.amazon.com/s?ie=UTF8&marketplaceID=ATVPDKIKX0DER&me=A2PD1LP1M256WN,2.30,4,[],,,"500 GILMANTON RD, CARY, NC, 27519-8811, US",Unverified,New,None,Compliant,0,2025-07-18 19:35:48.357,2025-07-18 19:35:48.256,false,false,false,,A2PD1LP1M256WN,false,false,NA,NotStarted,NA,
99ce45a5-ee0b-4047-921a-3897f7012ed9,ZenMedia34,,https://www.amazon.com/s?ie=UTF8&marketplaceID=ATVPDKIKX0DER&me=A2R3RUUSHCJ2HN,4.90,15,[],,,"24 Juniper Lane SE, Cartersville, GA, 30121, US",Unverified,New,None,Compliant,0,2025-07-18 19:35:01.284,2025-07-18 19:35:01.185,false,false,false,,A2R3RUUSHCJ2HN,false,false,NA,NotStarted,NA,
9a48a6d5-dcbd-449b-b1d3-047dc4fc15c1,Boca Deals,,https://www.amazon.com/s?ie=UTF8&marketplaceID=ATVPDKIKX0DER&me=A2VU4XR30V4OX6,4.50,629,[],,,"3000 NW 27th Ave, suite 1004, POMPANO BEACH, FL, 33069, US",Unverified,New,None,Compliant,0,2025-07-16 19:49:37.073,2025-07-16 19:49:36.973,false,false,false,,A2VU4XR30V4OX6,false,false,NA,NotStarted,NA,
9a61c9bb-dcb6-4c86-a13c-7629232c6f41,Angel Seller,https://m.media-amazon.com/images/I/210F16mVT+L.jpg,https://www.amazon.com/s?ie=UTF8&marketplaceID=ATVPDKIKX0DER&me=A1MXFBSEZT410T,4.70,1319,[],,,"2105 Flatbush Avenue, Ste 23, BROOKLYN, NY, 11234, US",Unverified,New,None,Compliant,0,2025-07-18 19:35:31.273,2025-07-18 19:35:31.175,false,false,false,,A1MXFBSEZT410T,false,false,NA,NotStarted,NA,
9afac7ae-67a0-43d3-8060-ae86f274383c,Imperial Listings,,https://www.amazon.com/s?ie=UTF8&marketplaceID=ATVPDKIKX0DER&me=A24G7PJ7IED568,4.00,16,[],,,"129 Grant av, EAST ROCKAWAY, NY, 11518, US",Unverified,New,None,Compliant,0,2025-08-04 13:27:51.827,2025-08-04 13:27:51.727,false,false,false,,A24G7PJ7IED568,false,false,NA,NotStarted,NA,Active
9d66faa3-eabd-4756-9b29-06c81df0c33b,Quality Photo,https://m.media-amazon.com/images/I/01U1JmC5vfL.gif,https://www.amazon.com/s?ie=UTF8&marketplaceID=ATVPDKIKX0DER&me=A2EY5WP9K29AC7,4.90,574,"[""888-212-1119""]",,888-212-1119,"132 Melrose st., BROOKLYN, NY, 11206, US",Unverified,New,None,Compliant,0,2025-07-16 19:48:48.827,2025-07-16 19:48:48.726,false,false,false,,A2EY5WP9K29AC7,false,false,NA,NotStarted,NA,
9ef322e2-9644-4c19-b38c-28155a0fe6e8,SaleTime Distributers,,https://www.amazon.com/s?ie=UTF8&marketplaceID=ATVPDKIKX0DER&me=A14EEANAI4EN1Q,4.90,299,[],,,"2627 Milton Road, University Heights, OH, 44118, US",Unverified,New,None,Compliant,0,2025-07-18 19:35:10.183,2025-07-18 19:35:10.084,false,false,false,,A14EEANAI4EN1Q,false,false,NA,NotStarted,NA,
9f9826b7-431e-4693-a94d-e76e87adde2d,A25TR4NTKBYTJ4,,,,,[],,,,Unverified,New,None,Compliant,0,2025-07-18 19:35:05.394,2025-07-18 19:35:05.305,false,false,false,,A25TR4NTKBYTJ4,false,false,NA,NotStarted,NA,
9fdb45c9-f327-4e1e-ac52-483cd491a9ed,Life and Play,,https://www.amazon.com/s?ie=UTF8&marketplaceID=ATVPDKIKX0DER&me=A1HEZGW2C79US8,4.80,146,"[""786-453-9452""]",,786-453-9452,"446 3RD ST, NEPTUNE BEACH, FLORIDA, 32266, US",Unverified,New,None,Compliant,0,2025-08-04 13:44:38.875,2025-08-04 13:44:38.774,false,false,false,,A1HEZGW2C79US8,false,false,NA,NotStarted,NA,Active
a064c000-1f88-4172-96ea-9a574cff1502,Bella Notte Electronics (We Record S/N),,https://www.amazon.com/s?ie=UTF8&marketplaceID=ATVPDKIKX0DER&me=A15QMLFSVCH3T6,4.30,3,[],,,"1075 Easton Ave #188, SOMERSET, NJ, 08873, US",Unverified,New,None,Compliant,0,2025-07-16 19:48:30.154,2025-07-16 19:48:30.044,false,false,false,,A15QMLFSVCH3T6,false,false,NA,NotStarted,NA,
a41af855-29ba-4b7b-9cd3-daf51d1e7582,AquaDeals Shop,https://m.media-amazon.com/images/I/0139FVnkHNL.jpg,https://www.amazon.com/s?ie=UTF8&marketplaceID=ATVPDKIKX0DER&me=A7RJ1YPMZQCGY,4.40,36,[],,,"185A Horton Ave, Suite A, lynbrook, NY, 11563, US",Unverified,New,None,Compliant,0,2025-07-18 19:35:39.819,2025-07-18 19:35:39.726,false,false,false,,A7RJ1YPMZQCGY,false,false,NA,NotStarted,NA,
a51c990b-dfed-46c7-85b9-b98d81809eaa,Camera Outlet(S/N Recorded),https://m.media-amazon.com/images/I/016pRSdMn-L.jpg,https://www.amazon.com/s?ie=UTF8&marketplaceID=ATVPDKIKX0DER&me=A2VL6ZMH6X13BT,4.10,23,[],,,"7 Ohio State Dr, NEWARK, DE, 19713, US",Unverified,New,None,Compliant,0,2025-07-18 19:34:54.313,2025-07-18 19:34:54.22,false,false,false,,A2VL6ZMH6X13BT,false,false,NA,NotStarted,NA,
a549225f-204e-4eff-803c-e82f28d8653b,Encore Technology,,https://www.amazon.com/s?ie=UTF8&marketplaceID=ATVPDKIKX0DER&me=AS3NTG6BSWBA0,3.10,21,[],,,"25862 Commercentre Drive, Suite A, LAKE FOREST, CA, 92630, US",Unverified,New,None,Compliant,0,2025-07-16 19:47:07.699,2025-07-16 19:47:07.597,false,false,false,,AS3NTG6BSWBA0,false,false,NA,NotStarted,NA,
a69f85a0-2230-4f7b-b26b-962cb26850a5,Digital Depot Deals,,https://www.amazon.com/s?ie=UTF8&marketplaceID=ATVPDKIKX0DER&me=A2P3M54SC5TG78,4.20,25,[],,,"1230 Johnson Ferry Pl Ste E20, MARIETTA, GA, 30068, US",Unverified,New,None,Compliant,0,2025-07-18 19:35:27.535,2025-07-18 19:35:27.436,false,false,false,,A2P3M54SC5TG78,false,false,NA,NotStarted,NA,
a8614c93-2b1d-469e-a7b2-0b8e3dd5ee5a,vmustshop2day,,https://www.amazon.com/s?ie=UTF8&marketplaceID=ATVPDKIKX0DER&me=APRAU6Z985IVX,4.20,31,[],,,"15781 sleepy oak rd, chino hills, ca, 91709, US",Unverified,New,None,Compliant,0,2025-08-04 13:29:32.583,2025-08-04 13:29:32.491,false,false,false,,APRAU6Z985IVX,false,false,NA,NotStarted,NA,Active
aa35338a-5757-4045-a08d-8669f737e409,Best4Sale【S/N Recorded】,,https://www.amazon.com/s?ie=UTF8&marketplaceID=ATVPDKIKX0DER&me=AMVHE14ROFK0J,2.90,25,"[""508-876-3217""]",,508-876-3217,"2580 quartz st ne, keizer, OR, 97303, US",Unverified,New,None,Compliant,0,2025-07-16 19:47:51.956,2025-07-16 19:47:51.854,false,false,false,,AMVHE14ROFK0J,false,false,NA,NotStarted,NA,
aa3f39cf-a6ac-41fd-a0a4-339d1456acb8,Carolina Trader,,https://www.amazon.com/s?ie=UTF8&marketplaceID=ATVPDKIKX0DER&me=A1AWZK7BCK8DMB,4.70,22,[],,,"1003 Mumford Court, #1031, KNIGHTDALE, NC, 27545, US",Unverified,New,None,Compliant,0,2025-07-16 19:47:43.369,2025-07-16 19:47:43.273,false,false,false,,A1AWZK7BCK8DMB,false,false,NA,NotStarted,NA,
ab79000f-8906-45e5-a609-6335b155465f,LUXEXPRESS LLC,,https://www.amazon.com/s?ie=UTF8&marketplaceID=ATVPDKIKX0DER&me=AMUNR3M0P2FW1,1.80,6,[],,,"10447 GALLERIA ST, WELLINGTON, FL, 33414, US",Unverified,New,None,Compliant,0,2025-07-18 15:40:37.791,2025-07-18 15:40:37.686,false,false,false,,AMUNR3M0P2FW1,false,false,NA,NotStarted,NA,
abcadb6c-1500-4d71-b424-ea9fafda60e9,United R P,,https://www.amazon.com/s?ie=UTF8&marketplaceID=ATVPDKIKX0DER&me=A3C199O3KEODOY,5.00,5,[],,,"2634 East 28th street, 1st Floor, Brooklyn, NY, 11235, US",Unverified,New,None,Compliant,0,2025-08-04 13:27:59.32,2025-08-04 13:27:59.223,false,false,false,,A3C199O3KEODOY,false,false,NA,NotStarted,NA,Active
abf702f3-0d0a-478e-a59d-8c7678af2fdb,MegaRetailStore,https://m.media-amazon.com/images/I/41ySaOLMgSL.jpg,https://www.amazon.com/s?ie=UTF8&marketplaceID=ATVPDKIKX0DER&me=A3LGJ9ZB5RSN9T,3.90,82,"[""949-713-1096""]",,949-713-1096,"23121 Antonio Parkway, Suite 155, RANCHO SANTA MARGARITA, CA, 92688, US",Unverified,New,None,Compliant,0,2025-07-16 19:48:12.98,2025-07-16 19:48:12.869,false,false,false,,A3LGJ9ZB5RSN9T,false,false,NA,NotStarted,NA,
acdaf9b7-6262-4ca5-9e3e-14a6afe79441,PSG Deals,https://m.media-amazon.com/images/I/91U2BUZVrTL.jpg,https://www.amazon.com/s?ie=UTF8&marketplaceID=ATVPDKIKX0DER&me=A1ZMZP7XHS6S1C,3.30,22,[],,,"832 E 43RD ST, BROOKLYN, NY, 11210-3502, US",Unverified,New,None,Compliant,0,2025-07-18 19:34:56.027,2025-07-18 19:34:55.937,false,false,false,,A1ZMZP7XHS6S1C,false,false,NA,NotStarted,NA,
ad165003-7939-45c7-98f8-1f5384ba0913,Feedthejoy,https://m.media-amazon.com/images/I/01iHa3ADwyL.jpg,,5.00,3,"[""1-855-450-2287""]",,1-855-450-2287,"2747 E University Dr, PO BOX 2338, MESA, AZ, 85214, US",Unverified,New,None,Compliant,0,2025-07-18 19:35:09.048,2025-07-18 19:35:08.961,false,false,false,,A1A80HO5RCVVWE,false,false,NA,NotStarted,NA,
adfee18a-4444-4303-bb87-addc912f060e,Elite Commerce Inc,,https://www.amazon.com/s?ie=UTF8&marketplaceID=ATVPDKIKX0DER&me=A1MPVH5JF0IOIQ,4.70,22,[],,,"2500 W INTERNATIONAL SPEEDWAY BLVD, SUITE 900 #1235, DAYTONA BEACH, FL, 32114, US",Unverified,New,None,Compliant,0,2025-07-18 19:35:09.781,2025-07-18 19:35:09.68,false,false,false,,A1MPVH5JF0IOIQ,false,false,NA,NotStarted,NA,
ae3069f6-9369-4a50-8495-935883fc8f1a,SpaceBound,https://m.media-amazon.com/images/I/01RCbXHHRFL.jpg,https://www.amazon.com/s?ie=UTF8&marketplaceID=ATVPDKIKX0DER&me=A1XBPHGHAXLHDG,4.00,424,"[""440-355-8008""]",,440-355-8008,"280 Opportunity Way, LAGRANGE, OH, 44050, US",Unverified,New,None,Compliant,0,2025-07-16 19:45:42.082,2025-07-16 19:45:41.667,false,false,false,,A1XBPHGHAXLHDG,false,false,NA,NotStarted,NA,
aed6fa6c-6f81-49b3-b747-50ccc7f157b4,Supply House Market Place,,https://www.amazon.com/s?ie=UTF8&marketplaceID=ATVPDKIKX0DER&me=A1S3PMG7RY70QV,4.90,1112,[],,,"173 Park avenue, PASSAIC, NJ, 07055, US",Unverified,New,None,Compliant,0,2025-07-18 19:37:39.024,2025-07-18 19:37:38.927,false,false,false,,A1S3PMG7RY70QV,false,false,NA,NotStarted,NA,
b4b7adc2-cba0-4e4e-b0b0-1230621bbd42,Amazon Global Store UK,,https://www.amazon.com/s?ie=UTF8&marketplaceID=ATVPDKIKX0DER&me=AP3VA1GJZM3EQ,,,[],,,"38 avenue John F. Kennedy, Luxembourg, 1855, LU",Unverified,New,None,Compliant,0,2025-07-18 19:35:19.885,2025-07-18 19:35:19.789,false,false,false,,AP3VA1GJZM3EQ,false,false,NA,NotStarted,NA,
b5cf8abf-73c1-472b-9ba4-d1fd43f5c167,US Deals Corp,,https://www.amazon.com/s?ie=UTF8&marketplaceID=ATVPDKIKX0DER&me=A2DZ4C43IUI30X,4.80,23,[],,,"3081 Holiday Springs Blvd #101, Margate, FL, 33063, US",Unverified,New,None,Compliant,0,2025-07-18 19:35:36.598,2025-07-18 19:35:36.503,false,false,false,,A2DZ4C43IUI30X,false,false,NA,NotStarted,NA,
b5d5a57e-ec14-4ccc-af2e-68836424deae,GoodStuff CR Division,,https://www.amazon.com/s?ie=UTF8&marketplaceID=ATVPDKIKX0DER&me=A1MK1JG3LFEH53,4.40,287,[],,,"14965 NW 24TH CT, Opa Locka, FL, 33054, US",Unverified,New,None,Compliant,0,2025-07-18 19:35:26.808,2025-07-18 19:35:26.715,false,false,false,,A1MK1JG3LFEH53,false,false,NA,NotStarted,NA,
b7930b75-084d-46b9-a80b-737ae2e5b2dd,White Hat Distribution,,https://www.amazon.com/s?ie=UTF8&marketplaceID=ATVPDKIKX0DER&me=A3PJ4JNP8ESTAF,3.60,60,[],,,"102 E. Broad St., P.O. Box 14, Forney, TX, 75126, US",Unverified,New,None,Compliant,0,2025-07-16 19:48:14.326,2025-07-16 19:48:14.231,false,false,false,,A3PJ4JNP8ESTAF,false,false,NA,NotStarted,NA,
b7fa6b2f-3413-49e5-a6b5-c408925850f6,KI Sales Intl,,https://www.amazon.com/s?ie=UTF8&marketplaceID=ATVPDKIKX0DER&me=A3VUKFJ08ETDEG,5.00,3,[],,,"4394 BUENA TARA DR, WEST PALM BEACH, FL, 33413, US",Unverified,New,None,Compliant,0,2025-07-18 19:35:34.276,2025-07-18 19:35:34.176,false,false,false,,A3VUKFJ08ETDEG,false,false,NA,NotStarted,NA,
b8d41108-9741-43a8-825b-99dcbe63746f,GOOD USED ITEMS,,https://www.amazon.com/s?ie=UTF8&marketplaceID=ATVPDKIKX0DER&me=A1J96GVRTL9NJ3,5.00,6,[],,,"1225 franklin turnpike, DANVILLE, VA, 24540, US",Unverified,New,None,Compliant,0,2025-07-18 19:35:11.885,2025-07-18 19:35:11.79,false,false,false,,A1J96GVRTL9NJ3,false,false,NA,NotStarted,NA,
b9bdc432-7950-4466-93ce-474efeaf36a4,Blue Sky Distribution,,https://www.amazon.com/s?ie=UTF8&marketplaceID=ATVPDKIKX0DER&me=A3157HR2I6E5II,2.80,15,[],,,"2301 ranger dr, Fort worth, Texas, 76120, US",Unverified,New,None,Compliant,0,2025-07-18 19:35:19.434,2025-07-18 19:35:19.333,false,false,false,,A3157HR2I6E5II,false,false,NA,NotStarted,NA,
bb3230f9-e02e-4d67-a9fa-c4350065d739,Rack-IT Solutions,https://m.media-amazon.com/images/I/01fkVkE2PaL.gif,https://www.amazon.com/s?ie=UTF8&marketplaceID=ATVPDKIKX0DER&me=AE0SX9DR3XWSZ,4.90,421,[],,,"15375 Barranca Pkwy, K104, Irvine, CA, 92626, US",Unverified,New,None,Compliant,0,2025-07-18 19:35:06.937,2025-07-18 19:35:06.849,false,false,false,,AE0SX9DR3XWSZ,false,false,NA,NotStarted,NA,
bc638d0d-2747-4d29-a741-6e41b8c0167d,JC_Blessy LLC,,https://www.amazon.com/s?ie=UTF8&marketplaceID=ATVPDKIKX0DER&me=AJMI8MPV5QQ8B,5.00,39,"[""325-304-3310""]",,325-304-3310,"8259 Mount Carmel St, Huber Heights, OH, 45424, US",Unverified,New,None,Compliant,0,2025-07-18 19:35:52.31,2025-07-18 19:35:52.219,false,false,false,,AJMI8MPV5QQ8B,false,false,NA,NotStarted,NA,
bc775a5a-86ba-4b27-831a-96a94315087c,the mixed market,,https://www.amazon.com/s?ie=UTF8&marketplaceID=ATVPDKIKX0DER&me=A2RWLCFH84U840,3.30,3,[],,,"us 644 cross st, unit 17, lakewood, nj, 08701, US",Unverified,New,None,Compliant,0,2025-07-18 19:35:47.021,2025-07-18 19:35:46.929,false,false,false,,A2RWLCFH84U840,false,false,NA,NotStarted,NA,
bdaad8eb-8e01-4bb0-b498-ee8c607e729c,Big buck sells,,https://www.amazon.com/s?ie=UTF8&marketplaceID=ATVPDKIKX0DER&me=A3LK4Y1H2OKN1L,3.20,70,[],,,"5587 EARLIGLOW LN, Haslett, MI, 48840-9766, US",Unverified,New,None,Compliant,0,2025-07-16 19:49:45.319,2025-07-16 19:49:45.225,false,false,false,,A3LK4Y1H2OKN1L,false,false,NA,NotStarted,NA,
bdd13173-6760-49ac-8d20-795468feca87,Electric Operating Company,,https://www.amazon.com/s?ie=UTF8&marketplaceID=ATVPDKIKX0DER&me=A1LP3X5HJ0E027,4.90,9,[],,,"1309 Coffeen Avenue, Suite 1200, SHERIDAN, WY, 82801, US",Unverified,New,None,Compliant,0,2025-07-18 15:39:41.272,2025-07-18 15:39:41.17,false,false,false,,A1LP3X5HJ0E027,false,false,NA,NotStarted,NA,
c200c120-dc2d-4358-b0ad-003cca83098a,SuperOfficeDeals (One Day Shipping Available),,https://www.amazon.com/s?ie=UTF8&marketplaceID=ATVPDKIKX0DER&me=AWZ0P9TQMPUT8,4.00,22,[],,,"63 E 11400 S 129, SANDY, UT, 84070-6705, US",Unverified,New,None,Compliant,0,2025-07-18 19:35:10.327,2025-07-18 19:35:10.232,false,false,false,,AWZ0P9TQMPUT8,false,false,NA,NotStarted,NA,
c35fd585-8b92-4854-bd7a-6b90b9ac177f,DIGITEX,,https://www.amazon.com/s?ie=UTF8&marketplaceID=ATVPDKIKX0DER&me=A2ESYO7CKYYOXV,4.80,5,[],,,"5255 Collins ave 2J, MIami Beach, fl, 33140, US",Unverified,New,None,Compliant,0,2025-07-18 19:35:37.445,2025-07-18 19:35:37.347,false,false,false,,A2ESYO7CKYYOXV,false,false,NA,NotStarted,NA,
c4d51f75-cc59-4ef0-b4a5-e576f5b7fb34,Stavvy Sales,,https://www.amazon.com/s?ie=UTF8&marketplaceID=ATVPDKIKX0DER&me=A1DGBLXYNEW9LX,4.90,313,[],,,"70 Clymer st #12E, BROOKLYN, NY, 11249, US",Unverified,New,None,Compliant,0,2025-07-17 17:32:36.271,2025-07-17 17:32:36.178,false,false,false,,A1DGBLXYNEW9LX,false,false,NA,NotStarted,NA,
c5f02e5e-4ad5-4a81-841c-121b2afc3f29,&Acirc;mazin Sale,,https://www.amazon.com/s?ie=UTF8&marketplaceID=ATVPDKIKX0DER&me=A1D5GPX70NOW9U,4.70,31,[],,,"51 winant pl, Warehouse bay 4, STATEN ISLAND, NY, 10309, US",Unverified,New,None,Compliant,0,2025-07-16 19:49:20.018,2025-07-16 19:49:19.926,false,false,false,,A1D5GPX70NOW9U,false,false,NA,NotStarted,NA,
c8117b0f-f6da-4822-9269-448e097b4353,Gadget Waze Warehouse,,https://www.amazon.com/s?ie=UTF8&marketplaceID=ATVPDKIKX0DER&me=APDCYWQWP78XS,4.80,29,[],,,"264 E 91st Street, BROOKLYN, NY, 11212, US",Unverified,New,None,Compliant,0,2025-07-16 19:47:07.395,2025-07-16 19:47:07.295,false,false,false,,APDCYWQWP78XS,false,false,NA,NotStarted,NA,
c953dab8-e416-4131-a396-2fe667fa2fd0,Riverfront Emporium,,https://www.amazon.com/s?ie=UTF8&marketplaceID=ATVPDKIKX0DER&me=A346UWM7DQHSQR,3.60,505,[],,,"7924 NE 54TH ST, KANSAS CITY, MO, 64119-4104, US",Unverified,New,None,Compliant,0,2025-07-16 19:49:04.391,2025-07-16 19:49:04.292,false,false,false,,A346UWM7DQHSQR,false,false,NA,NotStarted,NA,
cb0f77c1-54ee-41c1-a265-2903334e48d6,Electronics Club,https://m.media-amazon.com/images/I/11S8bZHUhJL.gif,https://www.amazon.com/s?ie=UTF8&marketplaceID=ATVPDKIKX0DER&me=A3NZWXSNTH0Z2Q,4.70,760,"[""000-000-0000""]",,000-000-0000,"94 walton st, Brooklyn, NY, 11206, US",Unverified,New,None,Compliant,0,2025-07-16 19:46:40.406,2025-07-16 19:46:40.293,false,false,false,,A3NZWXSNTH0Z2Q,false,false,NA,NotStarted,NA,
cc1683e0-4c7f-4d1c-b9af-bbab4bc9cc8e,Morgan Ingland LLC,https://m.media-amazon.com/images/I/11vmlWiz1AL.jpg,https://www.amazon.com/s?ie=UTF8&marketplaceID=ATVPDKIKX0DER&me=A1NC6R7KH2KC1N,2.70,50,"[""Sales@miatlantic.net"",""415-799-7139""]",Sales@miatlantic.net,415-799-7139,"380 Tennant Ave, Unit-3, MORGAN HILL, CA, 95037, US",Unverified,New,None,Compliant,0,2025-07-18 19:35:30.225,2025-07-18 19:35:30.127,false,false,false,,A1NC6R7KH2KC1N,false,false,NA,NotStarted,NA,
cc20b480-81f1-4129-b89d-089957ca6353,Glorious Tech Plus,https://m.media-amazon.com/images/I/11UIrY4kRmL.jpg,https://www.amazon.com/s?ie=UTF8&marketplaceID=ATVPDKIKX0DER&me=AWEACD5QBXC9U,5.00,9,[],,,"66 MELROSE TER, LINDEN, NJ, 07036-3712, US",Unverified,New,None,Compliant,0,2025-07-16 19:47:49.027,2025-07-16 19:47:48.932,false,false,false,,AWEACD5QBXC9U,false,false,NA,NotStarted,NA,
cd4e25d7-8740-4b78-9233-ac5ff773b5be,Speedy Mobile,https://m.media-amazon.com/images/I/11783c8N6cL.jpg,https://www.amazon.com/s?ie=UTF8&marketplaceID=ATVPDKIKX0DER&me=A29AJ7NNWYI8PC,4.90,14,[],,,"3940 LAUREL CANYON BLVD # 1277, STUDIO CITY, CA, 91604-3709, US",Unverified,New,None,Compliant,0,2025-07-16 19:47:03.708,2025-07-16 19:47:03.604,false,false,false,,A29AJ7NNWYI8PC,false,false,NA,NotStarted,NA,
cff8b75c-f678-47e8-8bf1-83167d9d52f7,Silmarils,,https://www.amazon.com/s?ie=UTF8&marketplaceID=ATVPDKIKX0DER&me=A3EAKFLRL77MJE,2.60,75,"[""650-503-3249""]",,650-503-3249,"75 Rainbow Bridge Pl, SAN RAMON, CA, 94582, US",Unverified,New,None,Compliant,0,2025-07-18 19:35:44.458,2025-07-18 19:35:44.352,false,false,false,,A3EAKFLRL77MJE,false,false,NA,NotStarted,NA,
d026732f-261f-469d-8649-4834ee539b48,"Audio Tech, Inc.",,https://www.amazon.com/s?ie=UTF8&marketplaceID=ATVPDKIKX0DER&me=A2RJFMA4B4MUFT,4.40,211,[],,,"10400 NW 55th ST STE 200, FORT LAUDERDALE, FL, 33351, US",Unverified,New,None,Compliant,0,2025-07-16 19:47:55.398,2025-07-16 19:47:55.297,false,false,false,,A2RJFMA4B4MUFT,false,false,NA,NotStarted,NA,
d104fcbf-a29a-43fd-b900-ff2b59a98495,Danger Deals LLC,,https://www.amazon.com/s?ie=UTF8&marketplaceID=ATVPDKIKX0DER&me=A3JXF7CA9MSZU,4.60,23,[],,,"10636 Rivermont Dr, STOCKTON, CA, 95209, US",Unverified,New,None,Compliant,0,2025-07-16 19:47:09.714,2025-07-16 19:47:09.608,false,false,false,,A3JXF7CA9MSZU,false,false,NA,NotStarted,NA,
d1b36839-f80f-42a0-ad40-0f5f0679b786,amazinoutlet,,https://www.amazon.com/s?ie=UTF8&marketplaceID=ATVPDKIKX0DER&me=AX8T9GMAD5OPU,4.50,84,[],,,"3580 Lawrenceville Suwanee Road, Suite 210, Suite 210, SUWANEE, GA, 30024, US",Unverified,New,None,Compliant,0,2025-07-16 19:48:08.073,2025-07-16 19:48:07.96,false,false,false,,AX8T9GMAD5OPU,false,false,NA,NotStarted,NA,
d247bd9e-1222-4f90-adaa-fe93ce75090c,ScRetail.,,https://www.amazon.com/s?ie=UTF8&marketplaceID=ATVPDKIKX0DER&me=A18U086ZNXZ25A,4.80,34,[],,,"547 Montgomery st, BROOKLYN, NY, 11225, US",Unverified,New,None,Compliant,0,2025-07-16 19:47:40.428,2025-07-16 19:47:40.327,false,false,false,,A18U086ZNXZ25A,false,false,NA,NotStarted,NA,
d3a7ab10-ed45-4abd-bf3f-ee11d23a8dc1,C-est,,https://www.amazon.com/s?ie=UTF8&marketplaceID=ATVPDKIKX0DER&me=A192RS3O9BTWP8,3.00,10,[],,,"1992 Enterprise Blvd, WEST SACRAMENTO, CA, 95691, US",Unverified,New,None,Compliant,0,2025-08-04 13:29:10.209,2025-08-04 13:29:10.117,false,false,false,,A192RS3O9BTWP8,false,false,NA,NotStarted,NA,Active
d3d824e9-1dfd-4c16-b2d5-7213dbe7bda9,Direct Distributor,https://m.media-amazon.com/images/I/41peOaun1SL.jpg,https://www.amazon.com/s?ie=UTF8&marketplaceID=ATVPDKIKX0DER&me=A5W45QDYAHWB2,4.60,540,[],,,"18375 Ventura Blvd #323, Tarzana, CA, 91356, US",Unverified,New,None,Compliant,0,2025-07-16 19:47:40.37,2025-07-16 19:47:40.271,false,false,false,,A5W45QDYAHWB2,false,false,NA,NotStarted,NA,
d409c51c-02a1-464d-a889-ac91cf2eda8b,Go ahead!,,https://www.amazon.com/s?ie=UTF8&marketplaceID=ATVPDKIKX0DER&me=A22QGPQSJF923G,4.50,449,[],,,"2376 NW 150th St (Middle Warehouse), Opa LOCKA, FL, 33054, US",Unverified,New,None,Compliant,0,2025-07-16 19:45:53.679,2025-07-16 19:45:53.578,false,false,false,,A22QGPQSJF923G,false,false,NA,NotStarted,NA,
d433d77c-face-4489-a970-5f1dacf1efd3,Active Trade,https://m.media-amazon.com/images/I/11eOt6sIH+L.jpg,https://www.amazon.com/s?ie=UTF8&marketplaceID=ATVPDKIKX0DER&me=AQMXB6YQ9RO3H,4.30,36,"[""954-989-2300""]",,954-989-2300,"3318 Griffin Rd, Ft Lauderdale, FL, 33312, US",Unverified,New,None,Compliant,0,2025-07-16 19:48:34.29,2025-07-16 19:48:34.192,false,false,false,,AQMXB6YQ9RO3H,false,false,NA,NotStarted,NA,
d59a6533-7324-4053-bc21-2034eaf5e5e7,"SuperE, LLC (S/N Recorded; Ship Next Business Day)",https://m.media-amazon.com/images/I/11JKErFkfqL.jpg,https://www.amazon.com/s?ie=UTF8&marketplaceID=ATVPDKIKX0DER&me=A3FDNO47PM80XV,3.80,16,[],,,"430 Pennington Dr, Lucas, TX, 75002, US",Unverified,New,None,Compliant,0,2025-07-18 19:35:13.228,2025-07-18 19:35:13.138,false,false,false,,A3FDNO47PM80XV,false,false,NA,NotStarted,NA,
d6e08851-50dd-4bb7-8fd9-0f668783d1b8,Quik-Mart,,https://www.amazon.com/s?ie=UTF8&marketplaceID=ATVPDKIKX0DER&me=A19OKX8TNG9FNL,5.00,4,[],,,"13359 Pond Springs Rd, Apt 114, Austin, TX, 78729, US",Unverified,New,None,Compliant,0,2025-07-18 15:23:34.426,2025-07-18 15:23:34.31,false,false,false,,A19OKX8TNG9FNL,false,false,NA,NotStarted,NA,
d734f763-2812-4ace-8f8f-ffd6c7b257ec,Clopa,,,5.00,1,[],,,"oswaldo moura 8018, porto velho, Rondonia, 76824645, BR",Unverified,New,None,Compliant,0,2025-08-04 13:44:35.656,2025-08-04 13:44:35.563,false,false,false,,A25JPKXJ3PKRPX,false,false,NA,NotStarted,NA,Active
d903d942-f29c-42b1-a3a4-6013a0e17673,Sunshine Refinement,,https://www.amazon.com/s?ie=UTF8&marketplaceID=ATVPDKIKX0DER&me=A30IYBH9A9UGPV,3.60,24,[],,,"2529 NW 49th Ave, Gainesville, FL, 32605, US",Unverified,New,None,Compliant,0,2025-07-16 19:46:52.557,2025-07-16 19:46:52.45,false,false,false,,A30IYBH9A9UGPV,false,false,NA,NotStarted,NA,
df3c169c-36fc-40d0-bd24-17e612691e9c,NEST New York,,https://www.amazon.com/s?ie=UTF8&marketplaceID=ATVPDKIKX0DER&me=AV3OR7OJ7GG7L,5.00,466,[],,,"265 South Federal Highway, Suite 234, Deerfield Beach, FL, 33441, US",Unverified,New,None,Compliant,0,2025-08-04 13:27:22.653,2025-08-04 13:27:22.558,false,false,false,,AV3OR7OJ7GG7L,false,false,NA,NotStarted,NA,Active
e0aebf34-047f-4247-98e6-fa38a07c3f4a,BigBang LittleBuck,https://m.media-amazon.com/images/I/21Qu9UG8UcL.jpg,https://www.amazon.com/s?ie=UTF8&marketplaceID=ATVPDKIKX0DER&me=A3IBUKGSEJDP90,4.90,11,[],,,"209 Crest Hill Rd, TOMS RIVER, NJ, 08755, US",Unverified,New,None,Compliant,0,2025-07-18 19:35:34.817,2025-07-18 19:35:34.723,false,false,false,,A3IBUKGSEJDP90,false,false,NA,NotStarted,NA,
e41bc034-b068-42b3-aab8-8ca57367bde4,Gianttiger,,https://www.amazon.com/s?ie=UTF8&marketplaceID=ATVPDKIKX0DER&me=A2IDIQYGTKAA5E,3.90,52,[],,,"425 ortiz blvd, NORTH PORT, FL, 34287, US",Unverified,New,None,Compliant,0,2025-07-18 15:40:58.445,2025-07-18 15:40:58.351,false,false,false,,A2IDIQYGTKAA5E,false,false,NA,NotStarted,NA,
e43076aa-865a-4f81-a82d-4208f2843bd6,-ATHQ-,https://m.media-amazon.com/images/I/11Fbdm1JJUL.jpg,https://www.amazon.com/s?ie=UTF8&marketplaceID=ATVPDKIKX0DER&me=A1ERSHXFJW1S9Q,4.90,222,[],,,"26 Commerce Road Suite B, FAIRFIELD, NJ, 07004, US",Unverified,New,None,Compliant,0,2025-07-18 19:34:56.379,2025-07-18 19:34:56.283,false,false,false,,A1ERSHXFJW1S9Q,false,false,NA,NotStarted,NA,
e43e3c5f-2524-4799-a438-7f177c1e4673,"LLC,",,https://www.amazon.com/s?ie=UTF8&marketplaceID=ATVPDKIKX0DER&me=A367PL1CKZ3RA8,4.90,248,[],,,"18 Stillo Dr, Airmont, NY, 10952, US",Unverified,New,None,Compliant,0,2025-07-16 19:48:05.765,2025-07-16 19:48:05.676,false,false,false,,A367PL1CKZ3RA8,false,false,NA,NotStarted,NA,
e80e4cbf-9e90-4fe5-b487-5019acd48734,eTechtronics (Your Trusted Online Retailer),,https://www.amazon.com/s?ie=UTF8&marketplaceID=ATVPDKIKX0DER&me=A3UQFZV91RE0UX,3.60,166,[],,,"1600 Airport Freeway STE 108, Bedford, Texas, 76022, US",Unverified,New,None,Compliant,0,2025-07-16 19:47:18.686,2025-07-16 19:47:18.588,false,false,false,,A3UQFZV91RE0UX,false,false,NA,NotStarted,NA,
e92bb054-4d90-452d-9521-dc63a4c45426,Networkstore,https://m.media-amazon.com/images/I/11st3KqSTaL.jpg,https://www.amazon.com/s?ie=UTF8&marketplaceID=ATVPDKIKX0DER&me=AR1FTLUUZC24W,4.70,1049,[],,,"41 Main St, BOLTON, MA, 01740, US",Unverified,New,None,Compliant,0,2025-07-18 19:35:10.815,2025-07-18 19:35:10.724,false,false,false,,AR1FTLUUZC24W,false,false,NA,NotStarted,NA,
e99e2879-8ad1-4815-a12c-6e5adf717009,Wright Stuff BRZ,,https://www.amazon.com/s?ie=UTF8&marketplaceID=ATVPDKIKX0DER&me=ACEAFK3E7E4J4,4.60,22,[],,,"5316 Kerley Rd, DURHAM, NC, 27705, US",Unverified,New,None,Compliant,0,2025-07-18 19:36:00.641,2025-07-18 19:36:00.539,false,false,false,,ACEAFK3E7E4J4,false,false,NA,NotStarted,NA,
ea882f78-4e12-489d-b7eb-8bbefe01b1a4,Choice Electronics(Serial Numbers Recorded),https://m.media-amazon.com/images/I/01NiUGW9xHL.jpg,https://www.amazon.com/s?ie=UTF8&marketplaceID=ATVPDKIKX0DER&me=A18UQSTHS8A7FY,4.70,181,[],,,"478 Albany Ave, Suite #5, Brooklyn, NY, 11203, US",Unverified,New,None,Compliant,0,2025-07-18 19:35:13.71,2025-07-18 19:35:13.618,false,false,false,,A18UQSTHS8A7FY,false,false,NA,NotStarted,NA,
eaac846d-98b9-419e-a583-3fc9c5390b75,2DaySale,,https://www.amazon.com/s?ie=UTF8&marketplaceID=ATVPDKIKX0DER&me=AUV5OXA4KGE56,4.10,63,[],,,"1316 Gravesend Neck Rd, brooklyn, NY, 11229, US",Unverified,New,None,Compliant,0,2025-07-18 19:35:22.115,2025-07-18 19:35:22.013,false,false,false,,AUV5OXA4KGE56,false,false,NA,NotStarted,NA,
eacd6500-4524-437d-82b7-46889866cd35,Abe's Electronics Center,https://m.media-amazon.com/images/I/41Ve8BzajaL.jpg,https://www.amazon.com/s?ie=UTF8&marketplaceID=ATVPDKIKX0DER&me=A3DI1PQ3I3V3R1,4.90,660,"[""800-992-2237""]",,800-992-2237,"1805 lower road, LINDEN, NJ, 07036, US",Unverified,New,None,Compliant,0,2025-07-16 19:47:32.744,2025-07-16 19:47:32.65,false,false,false,,A3DI1PQ3I3V3R1,false,false,NA,NotStarted,NA,
ec97f193-14bb-4407-8a68-26c880d66334,Ignsan,,https://www.amazon.com/s?ie=UTF8&marketplaceID=ATVPDKIKX0DER&me=A2PW3LJ1CVIUWN,2.70,25,[],,,"9904 vikki terrace, austin, Texas, 78736, US",Unverified,New,None,Compliant,0,2025-07-18 19:35:58.264,2025-07-18 19:35:58.163,false,false,false,,A2PW3LJ1CVIUWN,false,false,NA,NotStarted,NA,
ecd2709c-7b84-4744-9c09-3b02c86b9ff3,Dynamic L.L.C.(NO ANY WARRANTY & We Record S/N),,https://www.amazon.com/s?ie=UTF8&marketplaceID=ATVPDKIKX0DER&me=A2KVYHSU4SW0AD,3.40,12,[],,,"3000 OLD ALABAMA RD STE 119-265, Alpharetta, GA, 30022, US",Unverified,New,None,Compliant,0,2025-07-17 17:32:19.516,2025-07-17 17:32:19.422,false,false,false,,A2KVYHSU4SW0AD,false,false,NA,NotStarted,NA,
ee6bba4f-3b5a-4be8-b054-ca3826085adb,HSYT Products,,https://www.amazon.com/s?ie=UTF8&marketplaceID=ATVPDKIKX0DER&me=A4YASSAQJILRP,4.90,42,[],,,"36 TRUDY LN, Lakewood, NJ, 08701-4676, US",Unverified,New,None,Compliant,0,2025-07-16 19:45:43.039,2025-07-16 19:45:42.917,false,false,false,,A4YASSAQJILRP,false,false,NA,NotStarted,NA,
ef5a96b9-7941-4122-a71d-38dc4387c491,Critical Commodity,https://m.media-amazon.com/images/I/41FDgNwjCWL.jpg,https://www.amazon.com/s?ie=UTF8&marketplaceID=ATVPDKIKX0DER&me=A5QXFY2WRENAU,5.00,65,[],,,"3952 Clairemont Mesa Blvd, Suite D #185, SAN DIEGO, CA, 92117, US",Unverified,New,None,Compliant,0,2025-07-16 19:50:03.344,2025-07-16 19:50:03.241,false,false,false,,A5QXFY2WRENAU,false,false,NA,NotStarted,NA,
f068db76-28ea-4b3d-9526-f247f26cc13b,Wholesale Broker (We Record SN),https://m.media-amazon.com/images/I/21Vkxai4uDL.jpg,https://www.amazon.com/s?ie=UTF8&marketplaceID=ATVPDKIKX0DER&me=A2BFG2PG2MXE93,1.70,11,"[""1-855-777-9966""]",,1-855-777-9966,"4370 NW 120Th AVE, CORAL SPRINGS, FL, 33065, US",Unverified,New,None,Compliant,0,2025-07-16 19:48:20.483,2025-07-16 19:48:20.381,false,false,false,,A2BFG2PG2MXE93,false,false,NA,NotStarted,NA,
f2b2a2b6-9390-4952-8fd1-26e220a6dd1d,Essence of Quality ™ (S/N Recorded),https://m.media-amazon.com/images/I/01R90dnmiBL.jpg,https://www.amazon.com/s?ie=UTF8&marketplaceID=ATVPDKIKX0DER&me=A2L5TO1DJYOPFJ,4.20,92,[],,,"3330 sw 4th st, deerfield beach, FL, 33442, US",Unverified,New,None,Compliant,0,2025-07-16 19:49:10.047,2025-07-16 19:49:09.958,false,false,false,,A2L5TO1DJYOPFJ,false,false,NA,NotStarted,NA,
f2c27867-92a5-4b27-80a1-e5c12d45f08e,Ajay Sales LLC,,https://www.amazon.com/s?ie=UTF8&marketplaceID=ATVPDKIKX0DER&me=A3LR8BOM4YJNNN,4.40,55,[],,,"644 CROSS ST UNIT 11, LAKEWOOD, NJ, 08701-4654, US",Unverified,New,None,Compliant,0,2025-07-18 19:35:50.066,2025-07-18 19:35:49.968,false,false,false,,A3LR8BOM4YJNNN,false,false,NA,NotStarted,NA,
f31a4c78-4159-43d7-a782-ec8b07f95a32,Used items guys,,https://www.amazon.com/s?ie=UTF8&marketplaceID=ATVPDKIKX0DER&me=AIZAMORQDYACM,4.80,4,[],,,"905 wigwam dr, Danville, Virginia, 24540, US",Unverified,New,None,Compliant,0,2025-07-18 19:35:19.674,2025-07-18 19:35:19.582,false,false,false,,AIZAMORQDYACM,false,false,NA,NotStarted,NA,
f75fb422-cd19-4fe2-bdd9-1599e8c0dc28,Joe4God,,https://www.amazon.com/s?ie=UTF8&marketplaceID=ATVPDKIKX0DER&me=AVJA01IKTQXT7,5.00,3,[],,,"1807 OAKLAND MILLS RD., MOUNT PLEASANT, IA, 52641, US",Unverified,New,None,Compliant,0,2025-07-18 19:35:53.685,2025-07-18 19:35:53.579,false,false,false,,AVJA01IKTQXT7,false,false,NA,NotStarted,NA,
f7c4d3c6-6688-405b-ae0b-78658689af6d,Tech Depots(We Record SN),,https://www.amazon.com/s?ie=UTF8&marketplaceID=ATVPDKIKX0DER&me=A3JM8C06FVDBY4,3.60,44,"[""662-855-1839""]",,662-855-1839,"429 GREEN SPRINGS HWY, STE 161, BIRMINGHAM, AL, 35209, US",Unverified,New,None,Compliant,0,2025-07-16 19:48:32.434,2025-07-16 19:48:32.333,false,false,false,,A3JM8C06FVDBY4,false,false,NA,NotStarted,NA,
f80147d1-a1cf-437c-b525-a06314614675,Usmakebox,,https://www.amazon.com/s?ie=UTF8&marketplaceID=ATVPDKIKX0DER&me=A3U8TNG85UGK3X,3.20,47,[],,,"548 MARKET ST NUM 437637, San Francisco, CA, 94104, US",Unverified,New,None,Compliant,0,2025-07-16 19:48:41.767,2025-07-16 19:48:41.658,false,false,false,,A3U8TNG85UGK3X,false,false,NA,NotStarted,NA,
f8fefe05-03a5-47cf-bbf1-29ca843da318,Slick Returns,,https://www.amazon.com/s?ie=UTF8&marketplaceID=ATVPDKIKX0DER&me=A7BUW7D23UO8R,4.60,76,[],,,"16 Grandview dr, Lakewood, Nj, 08701, US",Unverified,New,None,Compliant,0,2025-07-16 19:49:51.835,2025-07-16 19:49:51.73,false,false,false,,A7BUW7D23UO8R,false,false,NA,NotStarted,NA,
f935fc35-5a9c-417a-b174-1f620fb55288,Fanci Innovations LLC,,https://www.amazon.com/s?ie=UTF8&marketplaceID=ATVPDKIKX0DER&me=A10DUGJTEGDXWY,3.70,282,[],,,"223 WARREN ST, GLENS FALLS, NY, 12801-3713, US",Unverified,New,None,Compliant,0,2025-07-16 19:48:35.182,2025-07-16 19:48:35.077,false,false,false,,A10DUGJTEGDXWY,false,false,NA,NotStarted,NA,
fa8e9c11-a8a7-4e28-aa6b-1e7eabf95343,The Factory Depot,https://m.media-amazon.com/images/I/11DCQWwj1lL.gif,https://www.amazon.com/s?ie=UTF8&marketplaceID=ATVPDKIKX0DER&me=A29PHU0KPCGV8S,3.30,795,"[""800-610-6184""]",,800-610-6184,"3755 Lincoln Street, Unit B, RIVERSIDE, CA, 92503, US",Unverified,New,None,Compliant,0,2025-07-16 19:49:48.274,2025-07-16 19:49:48.168,false,false,false,,A29PHU0KPCGV8S,false,false,NA,NotStarted,NA,
fb872fab-cfb5-49b3-8266-b7faec2ab12e,Beach Camera Same Day Shipping,https://m.media-amazon.com/images/I/11mDUqW6bqL.jpg,https://www.amazon.com/s?ie=UTF8&marketplaceID=ATVPDKIKX0DER&me=A13BNE3P7C8THK,4.70,2970,"[""1-800-572-3224""]",,1-800-572-3224,"80 Carter Dr, Edison, NJ, 08817, US",Unverified,New,None,Compliant,0,2025-07-18 19:35:19.809,2025-07-18 19:35:19.708,false,false,false,,A13BNE3P7C8THK,false,false,NA,NotStarted,NA,
fc33fcd1-0bec-4870-bb90-236684ef85c1,Out Of This World Electronics,https://m.media-amazon.com/images/I/31hU-pRjwYL.jpg,https://www.amazon.com/s?ie=UTF8&marketplaceID=ATVPDKIKX0DER&me=A2W280CVTH2ZSW,3.60,33,[],,,"44201 NOBEL DRIVE, Fremont, CA, 94538, US",Unverified,New,None,Compliant,0,2025-07-18 19:35:33.014,2025-07-18 19:35:32.909,false,false,false,,A2W280CVTH2ZSW,false,false,NA,NotStarted,NA,
fca2898a-3c7d-4b53-9fad-b33b7c1d5e2c,Amazon Germany,,https://www.amazon.com/s?ie=UTF8&marketplaceID=ATVPDKIKX0DER&me=A2DKF1L73WUF4Q,,,[],,,"Marcel-Breuer-Str. 12, Munich, 80807, DE",Unverified,New,None,Compliant,0,2025-07-18 19:35:11.85,2025-07-18 19:35:11.758,false,false,false,,A2DKF1L73WUF4Q,false,false,NA,NotStarted,NA,
fee97a18-4058-44cd-b905-5ce03b66611f,Peak Aura Shop,,https://www.amazon.com/s?ie=UTF8&marketplaceID=ATVPDKIKX0DER&me=A1Z6XJT9NL8KD,4.90,54,[],,,"618 Rotayo Rd, Nanaimo, British Columbia, V9R 0L1, CA",Unverified,New,None,Compliant,0,2025-07-16 19:49:12.385,2025-07-16 19:49:12.293,false,false,false,,A1Z6XJT9NL8KD,false,false,NA,NotStarted,NA,
ff81a443-586e-4633-b7e7-7169481a4c77,kino rv,,https://www.amazon.com/s?ie=UTF8&marketplaceID=ATVPDKIKX0DER&me=A12YBXULW8VRNG,5.00,1,[],,,"494 traverse dr, COSTA MESA, CA, 92626, US",Unverified,New,None,Compliant,0,2025-07-18 19:35:04.472,2025-07-18 19:35:04.372,false,false,false,,A12YBXULW8VRNG,false,false,NA,NotStarted,NA,